receiving_ranker,receiving_name_display,receiving_age,receiving_team_name_abbr,receiving_pos,receiving_games,receiving_games_started,receiving_targets,receiving_rec,receiving_rec_yds,receiving_rec_first_down,receiving_rec_air_yds,receiving_rec_air_yds_per_rec,receiving_rec_yac,receiving_rec_yac_per_rec,receiving_rec_adot,receiving_rec_broken_tackles,receiving_rec_broken_tackles_per_rec,receiving_rec_drops,receiving_rec_drop_pct,receiving_rec_target_int,receiving_rec_pass_rating,receiving_awards
1.0,Stefon Diggs,27.0,BUF,WR,16.0,15.0,166.0,127.0,1535.0,73.0,1071.0,8.4,464.0,3.7,10.1,5.0,25.4,8.0,4.8,2.0,115.4,"PB,AP-1"
2.0,Davante Adams,28.0,GNB,WR,14.0,14.0,149.0,115.0,1374.0,73.0,777.0,6.8,597.0,5.2,8.9,2.0,57.5,1.0,0.7,3.0,136.0,"PB,AP-1"
3.0,DeAndre Hopkins,28.0,ARI,WR,16.0,16.0,160.0,115.0,1407.0,75.0,873.0,7.6,534.0,4.6,8.9,15.0,7.7,2.0,1.3,2.0,105.9,"PB,AP-2"
4.0,Darren Waller,28.0,LVR,TE,16.0,15.0,145.0,107.0,1196.0,68.0,624.0,5.8,572.0,5.3,7.8,7.0,15.3,4.0,2.8,3.0,110.0,PB
5.0,Travis Kelce,31.0,KAN,TE,15.0,15.0,145.0,105.0,1416.0,79.0,829.0,7.9,587.0,5.6,8.5,10.0,10.5,2.0,1.4,3.0,119.8,"PB,AP-1,AP OPoY-4"
6.0,Allen Robinson,27.0,CHI,WR,16.0,16.0,151.0,102.0,1250.0,68.0,931.0,9.1,319.0,3.1,9.6,5.0,20.4,3.0,2.0,5.0,92.3,
7.0,Keenan Allen,28.0,LAC,WR,14.0,13.0,147.0,100.0,992.0,61.0,555.0,5.6,437.0,4.4,7.2,2.0,50.0,3.0,2.0,5.0,90.9,PB
8.0,Tyler Lockett,28.0,SEA,WR,16.0,16.0,132.0,100.0,1054.0,57.0,727.0,7.3,327.0,3.3,9.7,2.0,50.0,8.0,6.1,1.0,120.6,
9.0,JuJu Smith-Schuster,24.0,PIT,WR,16.0,14.0,128.0,97.0,831.0,48.0,422.0,4.4,409.0,4.2,5.5,4.0,24.3,3.0,2.3,5.0,99.4,
10.0,Robbie Chosen,27.0,CAR,WR,16.0,16.0,136.0,95.0,1096.0,49.0,599.0,6.3,497.0,5.2,9.7,3.0,31.7,6.0,4.4,2.0,95.1,
11.0,Amari Cooper,26.0,DAL,WR,16.0,15.0,130.0,92.0,1114.0,54.0,701.0,7.6,413.0,4.5,8.8,5.0,18.4,3.0,2.3,4.0,96.8,
12.0,Cooper Kupp,27.0,LAR,WR,15.0,12.0,124.0,92.0,974.0,45.0,449.0,4.9,525.0,5.7,6.3,12.0,7.7,6.0,4.8,3.0,94.6,
13.0,Calvin Ridley,26.0,ATL,WR,15.0,15.0,143.0,90.0,1374.0,65.0,1099.0,12.2,275.0,3.1,14.3,3.0,30.0,6.0,4.2,5.0,101.0,AP-2
14.0,Robert Woods,28.0,LAR,WR,16.0,16.0,129.0,90.0,936.0,46.0,442.0,4.9,494.0,5.5,7.0,2.0,45.0,4.0,3.1,5.0,89.8,
15.0,Justin Jefferson,21.0,MIN,WR,16.0,14.0,125.0,88.0,1400.0,58.0,947.0,10.8,453.0,5.1,11.4,9.0,9.8,2.0,1.6,4.0,112.7,"PB,AP-2,AP ORoY-2"
16.0,Diontae Johnson,24.0,PIT,WR,15.0,13.0,144.0,88.0,923.0,45.0,529.0,6.0,394.0,4.5,7.9,5.0,17.6,13.0,9.0,2.0,90.1,
17.0,Tyreek Hill,26.0,KAN,WR,15.0,15.0,135.0,87.0,1276.0,57.0,842.0,9.7,434.0,5.0,12.9,8.0,10.9,5.0,3.7,1.0,129.1,"PB,AP-1"
18.0,Terry McLaurin,25.0,WAS,WR,15.0,15.0,134.0,87.0,1118.0,51.0,640.0,7.4,478.0,5.5,9.7,9.0,9.7,3.0,2.2,3.0,91.6,
19.0,Alvin Kamara,25.0,NOR,RB,15.0,10.0,107.0,83.0,756.0,35.0,25.0,0.3,731.0,8.8,0.6,16.0,5.2,9.0,8.4,1.0,107.8,"PB,AP-2,AP OPoY-6"
20.0,D.K. Metcalf,23.0,SEA,WR,16.0,16.0,129.0,83.0,1303.0,63.0,940.0,11.3,363.0,4.4,13.7,8.0,10.4,8.0,6.2,4.0,110.7,"PB,AP-2"
21.0,Cole Beasley,31.0,BUF,WR,15.0,10.0,107.0,82.0,967.0,53.0,612.0,7.5,355.0,4.3,7.8,1.0,82.0,2.0,1.9,2.0,108.3,AP-2
22.0,Brandin Cooks,27.0,HOU,WR,15.0,15.0,119.0,81.0,1150.0,51.0,800.0,9.9,350.0,4.3,11.8,3.0,27.0,2.0,1.7,4.0,101.9,
23.0,J.D. McKissic,27.0,WAS,RB,16.0,7.0,110.0,80.0,589.0,32.0,86.0,1.1,503.0,6.3,1.7,4.0,20.0,2.0,1.8,3.0,79.7,
24.0,Tyler Boyd,26.0,CIN,WR,15.0,8.0,110.0,79.0,841.0,43.0,491.0,6.2,350.0,4.4,8.5,1.0,79.0,2.0,1.8,4.0,90.8,
25.0,Curtis Samuel,24.0,CAR,WR,15.0,5.0,97.0,77.0,851.0,39.0,531.0,6.9,320.0,4.2,7.3,4.0,19.3,5.0,5.2,1.0,109.2,
26.0,Marvin Jones,30.0,DET,WR,16.0,16.0,115.0,76.0,978.0,52.0,782.0,10.3,196.0,2.6,12.7,5.0,15.2,6.0,5.2,4.0,104.2,
27.0,CeeDee Lamb,21.0,DAL,WR,16.0,14.0,111.0,74.0,935.0,46.0,624.0,8.4,311.0,4.2,9.3,3.0,24.7,8.0,7.2,2.0,100.2,
28.0,Adam Thielen,30.0,MIN,WR,15.0,15.0,108.0,74.0,925.0,52.0,682.0,9.2,243.0,3.3,11.5,2.0,37.0,7.0,6.5,4.0,119.0,
29.0,Russell Gage,24.0,ATL,WR,16.0,8.0,109.0,72.0,786.0,50.0,505.0,7.0,281.0,3.9,8.5,4.0,18.0,7.0,6.4,1.0,95.6,
30.0,Jarvis Landry,28.0,CLE,WR,15.0,14.0,101.0,72.0,840.0,46.0,499.0,6.9,341.0,4.7,8.2,4.0,18.0,6.0,5.9,1.0,101.9,
31.0,Logan Thomas,29.0,WAS,TE,16.0,15.0,110.0,72.0,670.0,36.0,382.0,5.3,288.0,4.0,7.0,3.0,24.0,7.0,6.4,4.0,85.0,
32.0,A.J. Brown,23.0,TEN,WR,14.0,12.0,106.0,70.0,1075.0,55.0,643.0,9.2,432.0,6.2,10.9,13.0,5.4,5.0,4.7,2.0,126.1,PB
33.0,Mike Evans,27.0,TAM,WR,16.0,16.0,109.0,70.0,1006.0,55.0,741.0,10.6,265.0,3.8,12.1,2.0,35.0,4.0,3.7,2.0,126.0,
34.0,Tee Higgins,21.0,CIN,WR,16.0,14.0,108.0,67.0,908.0,52.0,598.0,8.9,310.0,4.6,11.5,5.0,13.4,8.0,7.4,1.0,103.5,
35.0,T.J. Hockenson,23.0,DET,TE,16.0,16.0,101.0,67.0,723.0,40.0,394.0,5.9,329.0,4.9,7.0,4.0,16.8,7.0,6.9,4.0,90.5,PB
36.0,D.J. Moore,23.0,CAR,WR,15.0,14.0,118.0,66.0,1193.0,53.0,811.0,12.3,382.0,5.8,13.2,6.0,11.0,7.0,5.9,9.0,70.3,
37.0,Sterling Shepard,27.0,NYG,WR,12.0,12.0,90.0,66.0,656.0,37.0,452.0,6.8,204.0,3.1,8.3,2.0,33.0,1.0,1.1,1.0,100.0,
38.0,Corey Davis,25.0,TEN,WR,14.0,12.0,92.0,65.0,984.0,49.0,693.0,10.7,291.0,4.5,11.7,3.0,21.7,3.0,3.3,0.0,123.6,
39.0,Chris Godwin,24.0,TAM,WR,12.0,12.0,84.0,65.0,840.0,43.0,560.0,8.6,280.0,4.3,10.2,2.0,32.5,3.0,3.6,1.0,131.1,
40.0,Evan Engram,26.0,NYG,TE,16.0,14.0,109.0,63.0,654.0,31.0,367.0,5.8,287.0,4.6,7.2,4.0,15.8,11.0,10.1,6.0,55.4,PB
41.0,Nyheim Hines,24.0,IND,RB,16.0,2.0,76.0,63.0,482.0,24.0,12.0,0.2,470.0,7.5,0.7,5.0,12.6,1.0,1.3,0.0,110.6,
42.0,DeVante Parker,27.0,MIA,WR,14.0,11.0,103.0,63.0,793.0,45.0,620.0,9.8,173.0,2.7,9.7,6.0,10.5,6.0,5.8,2.0,90.0,
43.0,Dalton Schultz,24.0,DAL,TE,16.0,14.0,89.0,63.0,615.0,33.0,336.0,5.3,279.0,4.4,6.4,8.0,7.9,4.0,4.5,2.0,95.5,
44.0,Chase Claypool,22.0,PIT,WR,16.0,6.0,109.0,62.0,873.0,41.0,544.0,8.8,329.0,5.3,13.2,3.0,20.7,6.0,5.5,0.0,110.4,
45.0,Noah Fant,23.0,DEN,TE,15.0,14.0,93.0,62.0,673.0,34.0,296.0,4.8,377.0,6.1,6.7,4.0,15.5,5.0,5.4,2.0,89.6,
46.0,Darnell Mooney,23.0,CHI,WR,16.0,9.0,98.0,61.0,631.0,33.0,377.0,6.2,254.0,4.2,11.5,8.0,7.6,1.0,1.0,2.0,85.9,
47.0,Emmanuel Sanders,33.0,NOR,WR,14.0,5.0,82.0,61.0,726.0,33.0,556.0,9.1,170.0,2.8,8.8,3.0,20.3,3.0,3.7,2.0,111.1,
48.0,Brandon Aiyuk,22.0,SFO,WR,12.0,11.0,96.0,60.0,748.0,42.0,459.0,7.7,289.0,4.8,9.4,7.0,8.6,5.0,5.2,4.0,86.6,
49.0,Hunter Henry,26.0,LAC,TE,14.0,14.0,93.0,60.0,613.0,35.0,387.0,6.5,226.0,3.8,8.0,3.0,20.0,2.0,2.2,1.0,93.2,
50.0,Jamison Crowder,27.0,NYJ,WR,12.0,7.0,89.0,59.0,699.0,32.0,372.0,6.3,327.0,5.5,7.6,2.0,29.5,3.0,3.4,3.0,98.5,
51.0,Mike Davis,27.0,CAR,RB,15.0,12.0,70.0,59.0,373.0,17.0,-45.0,-0.8,418.0,7.1,-0.5,11.0,5.4,2.0,2.9,1.0,92.4,
52.0,Michael Gallup,24.0,DAL,WR,16.0,15.0,105.0,59.0,843.0,44.0,591.0,10.0,252.0,4.3,11.8,7.0,8.4,6.0,5.7,0.0,98.2,
53.0,Jakobi Meyers,24.0,NWE,WR,14.0,9.0,81.0,59.0,729.0,37.0,513.0,8.7,216.0,3.7,10.2,4.0,14.8,4.0,4.9,2.0,90.0,
54.0,Mark Andrews,25.0,BAL,TE,14.0,2.0,88.0,58.0,701.0,37.0,519.0,8.9,182.0,3.1,10.2,2.0,29.0,5.0,5.7,1.0,112.0,
55.0,Marquise Brown,23.0,BAL,WR,16.0,14.0,100.0,58.0,769.0,35.0,495.0,8.5,274.0,4.7,12.9,4.0,14.5,6.0,6.0,4.0,92.5,
56.0,Laviska Shenault Jr.,22.0,JAX,WR,14.0,12.0,79.0,58.0,600.0,33.0,302.0,5.2,298.0,5.1,6.2,8.0,7.3,3.0,3.8,0.0,116.0,
57.0,Eric Ebron,27.0,PIT,TE,15.0,9.0,91.0,56.0,558.0,30.0,366.0,6.5,192.0,3.4,7.1,0.0,,7.0,7.7,1.0,92.7,
58.0,T.Y. Hilton,31.0,IND,WR,15.0,15.0,93.0,56.0,762.0,42.0,568.0,10.1,194.0,3.5,12.5,3.0,18.7,3.0,3.2,3.0,90.9,
59.0,Hayden Hurst,27.0,ATL,TE,16.0,9.0,88.0,56.0,571.0,35.0,326.0,5.8,245.0,4.4,6.8,2.0,28.0,4.0,4.5,2.0,95.4,
60.0,Hunter Renfrow,25.0,LVR,WR,16.0,6.0,77.0,56.0,656.0,32.0,318.0,5.7,338.0,6.0,7.1,5.0,11.2,2.0,2.6,0.0,106.8,
61.0,Keelan Cole,27.0,JAX,WR,16.0,5.0,88.0,55.0,642.0,34.0,468.0,8.5,174.0,3.2,10.9,2.0,27.5,6.0,6.8,1.0,98.8,
62.0,Austin Ekeler,25.0,LAC,RB,10.0,10.0,65.0,54.0,403.0,20.0,-70.0,-1.3,473.0,8.8,-1.2,7.0,7.7,2.0,3.1,0.0,102.8,
63.0,Larry Fitzgerald,37.0,ARI,WR,13.0,13.0,72.0,54.0,409.0,25.0,224.0,4.1,185.0,3.4,6.0,0.0,,1.0,1.4,2.0,81.3,
64.0,David Montgomery,23.0,CHI,RB,15.0,14.0,68.0,54.0,438.0,25.0,42.0,0.8,396.0,7.3,0.9,11.0,4.9,3.0,4.4,0.0,103.3,
65.0,DJ Chark,24.0,JAX,WR,13.0,12.0,93.0,53.0,706.0,37.0,541.0,10.2,165.0,3.1,14.0,0.0,,2.0,2.2,5.0,76.7,
66.0,Chase Edmonds,24.0,ARI,RB,16.0,2.0,67.0,53.0,402.0,21.0,76.0,1.4,326.0,6.2,2.0,6.0,8.8,1.0,1.5,0.0,111.6,
67.0,Will Fuller,26.0,HOU,WR,11.0,11.0,75.0,53.0,879.0,38.0,588.0,11.1,291.0,5.5,12.5,4.0,13.3,3.0,4.0,2.0,134.2,
68.0,Mike Gesicki,25.0,MIA,TE,15.0,9.0,85.0,53.0,703.0,36.0,536.0,10.1,167.0,3.2,11.1,0.0,,2.0,2.4,3.0,97.3,
69.0,Greg Ward,25.0,PHI,WR,16.0,10.0,79.0,53.0,419.0,24.0,255.0,4.8,164.0,3.1,5.6,1.0,53.0,2.0,2.5,2.0,94.9,
70.0,Ezekiel Elliott,25.0,DAL,RB,15.0,15.0,71.0,52.0,338.0,20.0,-22.0,-0.4,360.0,6.9,-0.2,2.0,26.0,8.0,11.3,3.0,74.7,
71.0,Jerry Jeudy,21.0,DEN,WR,16.0,14.0,113.0,52.0,856.0,39.0,572.0,11.0,284.0,5.5,13.5,5.0,10.4,10.0,8.8,6.0,58.7,
72.0,Josh Reynolds,25.0,LAR,WR,16.0,13.0,81.0,52.0,618.0,31.0,393.0,7.6,225.0,4.3,10.9,2.0,26.0,3.0,3.7,2.0,85.3,
73.0,Robert Tonyan,26.0,GNB,TE,16.0,8.0,59.0,52.0,586.0,33.0,363.0,7.0,223.0,4.3,7.7,0.0,,0.0,0.0,0.0,147.6,
74.0,Julio Jones,31.0,ATL,WR,9.0,9.0,68.0,51.0,771.0,36.0,540.0,10.6,231.0,4.5,11.2,7.0,7.3,3.0,4.4,0.0,126.5,
75.0,Tim Patrick,27.0,DEN,WR,15.0,15.0,79.0,51.0,742.0,33.0,504.0,9.9,238.0,4.7,12.5,3.0,17.0,0.0,0.0,3.0,104.5,
76.0,Jimmy Graham,34.0,CHI,TE,16.0,15.0,76.0,50.0,456.0,32.0,258.0,5.2,198.0,4.0,6.8,1.0,50.0,1.0,1.3,3.0,100.5,
77.0,Darius Slayton,23.0,NYG,WR,16.0,15.0,96.0,50.0,751.0,40.0,592.0,11.8,159.0,3.2,13.6,1.0,50.0,6.0,6.3,2.0,79.8,
78.0,Kendrick Bourne,25.0,SFO,WR,15.0,5.0,74.0,49.0,667.0,35.0,448.0,9.1,219.0,4.5,9.3,3.0,16.3,6.0,8.1,2.0,92.6,
79.0,Anthony Miller,26.0,CHI,WR,16.0,6.0,76.0,49.0,485.0,23.0,337.0,6.9,148.0,3.0,9.7,1.0,49.0,4.0,5.3,3.0,74.7,
80.0,James Robinson,22.0,JAX,RB,14.0,14.0,60.0,49.0,344.0,15.0,-39.0,-0.8,383.0,7.8,-0.8,5.0,9.8,2.0,3.3,0.0,107.2,
81.0,James White,28.0,NWE,RB,14.0,0.0,62.0,49.0,375.0,20.0,-36.0,-0.7,411.0,8.4,-0.6,2.0,24.5,3.0,4.8,1.0,90.5,
82.0,Nelson Agholor,27.0,LVR,WR,16.0,13.0,82.0,48.0,896.0,37.0,666.0,13.9,230.0,4.8,15.5,3.0,16.0,5.0,6.1,3.0,113.7,
83.0,Christian Kirk,24.0,ARI,WR,14.0,10.0,79.0,48.0,621.0,30.0,446.0,9.3,175.0,3.6,11.8,1.0,48.0,2.0,2.5,3.0,95.0,
84.0,George Kittle,27.0,SFO,TE,8.0,8.0,63.0,48.0,634.0,32.0,337.0,7.0,297.0,6.2,7.3,1.0,48.0,5.0,7.9,2.0,104.9,
85.0,Mike Williams,26.0,LAC,WR,15.0,11.0,85.0,48.0,756.0,35.0,594.0,12.4,162.0,3.4,14.5,0.0,,3.0,3.5,2.0,96.0,
86.0,Giovani Bernard,29.0,CIN,RB,16.0,10.0,59.0,47.0,355.0,15.0,5.0,0.1,350.0,7.4,1.3,2.0,23.5,4.0,6.8,1.0,101.6,
87.0,Damiere Byrd,27.0,NWE,WR,16.0,14.0,77.0,47.0,604.0,29.0,432.0,9.2,172.0,3.7,11.5,3.0,15.7,4.0,5.2,3.0,73.7,
88.0,A.J. Green,32.0,CIN,WR,16.0,14.0,104.0,47.0,523.0,34.0,437.0,9.3,86.0,1.8,13.7,2.0,23.5,3.0,2.9,3.0,55.1,
89.0,Aaron Jones,26.0,GNB,RB,14.0,14.0,63.0,47.0,355.0,15.0,-10.0,-0.2,365.0,7.8,1.2,6.0,7.8,4.0,6.3,0.0,98.3,PB
90.0,Danny Amendola,35.0,DET,WR,14.0,5.0,69.0,46.0,602.0,30.0,312.0,6.8,290.0,6.3,8.1,5.0,9.2,2.0,2.9,2.0,81.9,
91.0,Dallas Goedert,25.0,PHI,TE,11.0,9.0,65.0,46.0,524.0,28.0,318.0,6.9,206.0,4.5,8.5,6.0,7.7,1.0,1.5,1.0,103.6,
92.0,Austin Hooper,26.0,CLE,TE,13.0,13.0,70.0,46.0,435.0,27.0,261.0,5.7,174.0,3.8,6.4,1.0,46.0,2.0,2.9,1.0,95.8,
93.0,D'Andre Swift,21.0,DET,RB,13.0,4.0,57.0,46.0,357.0,15.0,6.0,0.1,351.0,7.6,0.9,2.0,23.0,5.0,8.8,0.0,104.5,
94.0,Antonio Brown,32.0,TAM,WR,8.0,4.0,62.0,45.0,483.0,27.0,232.0,5.2,251.0,5.6,8.9,3.0,15.0,0.0,0.0,1.0,109.8,
95.0,Rob Gronkowski,31.0,TAM,TE,16.0,16.0,77.0,45.0,623.0,29.0,377.0,8.4,246.0,5.5,11.0,1.0,45.0,2.0,2.6,2.0,104.0,
96.0,Demarcus Robinson,26.0,KAN,WR,16.0,9.0,59.0,45.0,466.0,26.0,293.0,6.5,173.0,3.8,8.9,1.0,45.0,1.0,1.7,1.0,108.4,
97.0,Dalvin Cook,25.0,MIN,RB,14.0,14.0,54.0,44.0,361.0,17.0,-77.0,-1.8,438.0,10.0,-1.8,6.0,7.3,3.0,5.6,1.0,93.0,PB
98.0,Tyler Higbee,27.0,LAR,TE,15.0,15.0,60.0,44.0,521.0,27.0,283.0,6.4,238.0,5.4,8.0,4.0,11.0,3.0,5.0,0.0,127.2,
99.0,Zach Pascal,26.0,IND,WR,16.0,14.0,71.0,44.0,629.0,29.0,396.0,9.0,233.0,5.3,10.9,1.0,44.0,3.0,4.2,2.0,102.4,
100.0,Gerald Everett,26.0,LAR,TE,16.0,7.0,62.0,41.0,417.0,24.0,174.0,4.2,243.0,5.9,6.2,6.0,6.8,7.0,11.3,1.0,83.9,
101.0,Myles Gaskin,23.0,MIA,RB,10.0,7.0,47.0,41.0,388.0,12.0,0.0,0.0,388.0,9.5,0.2,4.0,10.3,2.0,4.3,0.0,115.2,
102.0,Mecole Hardman,22.0,KAN,WR,16.0,8.0,62.0,41.0,560.0,23.0,275.0,6.7,285.0,7.0,10.6,2.0,20.5,8.0,12.9,0.0,116.3,
103.0,Jonnu Smith,25.0,TEN,TE,15.0,14.0,65.0,41.0,448.0,25.0,210.0,5.1,238.0,5.8,5.5,2.0,20.5,3.0,4.6,2.0,110.1,
104.0,Chris Conley,28.0,JAX,WR,15.0,4.0,63.0,40.0,471.0,24.0,291.0,7.3,180.0,4.5,10.3,4.0,10.0,4.0,6.3,1.0,90.1,
105.0,Michael Pittman Jr.,23.0,IND,WR,13.0,8.0,61.0,40.0,503.0,22.0,210.0,5.3,293.0,7.3,8.4,2.0,20.0,1.0,1.6,1.0,89.7,
106.0,Drew Sample,24.0,CIN,TE,16.0,13.0,53.0,40.0,349.0,16.0,151.0,3.8,198.0,5.0,4.2,5.0,8.0,3.0,5.7,1.0,90.8,
107.0,Michael Thomas,27.0,NOR,WR,7.0,5.0,55.0,40.0,438.0,25.0,356.0,8.9,82.0,2.1,9.6,1.0,40.0,1.0,1.8,1.0,88.3,
108.0,Anthony Firkser,25.0,TEN,FB,16.0,1.0,53.0,39.0,387.0,26.0,244.0,6.3,143.0,3.7,7.0,4.0,9.8,1.0,1.9,0.0,100.1,
109.0,Randall Cobb,30.0,HOU,WR,10.0,2.0,48.0,38.0,441.0,20.0,270.0,7.1,171.0,4.5,6.7,1.0,38.0,0.0,0.0,0.0,125.8,
110.0,Travis Fulgham,25.0,PHI,WR,13.0,8.0,67.0,38.0,539.0,26.0,439.0,11.6,100.0,2.6,12.0,3.0,12.7,2.0,3.0,1.0,96.5,
111.0,Kareem Hunt,25.0,CLE,RB,16.0,5.0,51.0,38.0,304.0,19.0,24.0,0.6,280.0,7.4,1.4,5.0,7.6,4.0,7.8,0.0,121.7,
112.0,Devin Singletary,23.0,BUF,RB,16.0,16.0,50.0,38.0,269.0,8.0,0.0,0.0,269.0,7.1,1.0,4.0,9.5,3.0,6.0,0.0,87.8,
113.0,Jordan Akins,28.0,HOU,TE,13.0,5.0,49.0,37.0,403.0,20.0,231.0,6.2,172.0,4.6,7.5,3.0,12.3,3.0,6.1,0.0,106.1,
114.0,Braxton Berrios,25.0,NYJ,WR,16.0,2.0,55.0,37.0,394.0,19.0,178.0,4.8,216.0,5.8,7.6,2.0,18.5,3.0,5.5,1.0,98.6,
115.0,Chris Carson,26.0,SEA,RB,12.0,12.0,46.0,37.0,287.0,14.0,30.0,0.8,257.0,6.9,1.3,3.0,12.3,3.0,6.5,4.0,85.4,
116.0,Jared Cook,33.0,NOR,TE,15.0,5.0,60.0,37.0,504.0,27.0,380.0,10.3,124.0,3.4,11.5,2.0,18.5,2.0,3.3,1.0,120.4,
117.0,Rashard Higgins,26.0,CLE,WR,13.0,6.0,52.0,37.0,599.0,26.0,521.0,14.1,78.0,2.1,14.1,0.0,,0.0,0.0,2.0,119.0,
118.0,Sammy Watkins,27.0,KAN,WR,10.0,9.0,55.0,37.0,421.0,27.0,264.0,7.1,157.0,4.2,8.1,2.0,18.5,3.0,5.5,0.0,102.2,
119.0,Clyde Edwards-Helaire,21.0,KAN,RB,13.0,13.0,54.0,36.0,297.0,12.0,2.0,0.1,295.0,8.2,0.6,10.0,3.6,3.0,5.6,1.0,79.0,
120.0,Tyler Eifert,30.0,JAX,TE,15.0,4.0,60.0,36.0,349.0,22.0,236.0,6.6,113.0,3.1,8.2,0.0,,0.0,0.0,4.0,59.7,
121.0,Zach Ertz,30.0,PHI,TE,11.0,11.0,72.0,36.0,335.0,16.0,247.0,6.9,88.0,2.4,7.4,0.0,,5.0,6.9,3.0,50.4,
122.0,Leonard Fournette,25.0,TAM,RB,13.0,3.0,47.0,36.0,233.0,9.0,-2.0,-0.1,235.0,6.5,0.1,5.0,7.2,7.0,14.9,0.0,86.6,
123.0,Antonio Gibson,22.0,WAS,RB,14.0,10.0,44.0,36.0,247.0,8.0,-54.0,-1.5,301.0,8.4,-0.8,8.0,4.5,2.0,4.5,0.0,90.1,
124.0,Jakeem Grant,28.0,MIA,WR,14.0,4.0,54.0,36.0,373.0,22.0,201.0,5.6,172.0,4.8,10.5,9.0,4.0,3.0,5.6,2.0,77.2,AP-2
125.0,Jonathan Taylor,21.0,IND,RB,15.0,13.0,39.0,36.0,299.0,12.0,-68.0,-1.9,367.0,10.2,-1.3,3.0,12.0,1.0,2.6,0.0,107.2,
126.0,James Conner,25.0,PIT,RB,13.0,11.0,43.0,35.0,215.0,10.0,-15.0,-0.4,230.0,6.6,-0.1,3.0,11.7,4.0,9.3,0.0,87.5,
127.0,Gabriel Davis,21.0,BUF,WR,16.0,11.0,62.0,35.0,599.0,27.0,468.0,13.4,131.0,3.7,15.2,1.0,35.0,3.0,4.8,4.0,100.1,
128.0,David Moore,25.0,SEA,WR,16.0,6.0,47.0,35.0,417.0,18.0,248.0,7.1,169.0,4.8,8.9,0.0,,3.0,6.4,0.0,140.7,
129.0,Golden Tate,32.0,NYG,WR,12.0,4.0,52.0,35.0,388.0,19.0,313.0,8.9,75.0,2.1,8.8,0.0,,1.0,1.9,1.0,94.1,
130.0,Tre'Quan Smith,24.0,NOR,WR,14.0,10.0,50.0,34.0,448.0,22.0,313.0,9.2,135.0,4.0,9.0,5.0,6.8,4.0,8.0,0.0,122.7,
131.0,John Brown,30.0,BUF,WR,9.0,8.0,52.0,33.0,458.0,22.0,281.0,8.5,177.0,5.4,12.4,0.0,,2.0,3.8,0.0,110.9,
132.0,Keke Coutee,23.0,HOU,WR,8.0,4.0,40.0,33.0,400.0,19.0,252.0,7.6,148.0,4.5,9.4,4.0,8.3,0.0,0.0,0.0,133.3,
133.0,N'Keal Harry,23.0,NWE,WR,14.0,9.0,57.0,33.0,309.0,15.0,204.0,6.2,105.0,3.2,8.0,4.0,8.3,1.0,1.8,2.0,70.0,
134.0,Josh Jacobs,22.0,LVR,RB,15.0,15.0,45.0,33.0,238.0,9.0,0.0,0.0,238.0,7.2,0.7,4.0,8.3,2.0,4.4,0.0,85.2,PB
135.0,David Johnson,29.0,HOU,RB,12.0,12.0,46.0,33.0,314.0,16.0,79.0,2.4,235.0,7.1,3.7,0.0,,2.0,4.3,0.0,104.8,
136.0,Allen Lazard,25.0,GNB,WR,10.0,9.0,46.0,33.0,451.0,23.0,256.0,7.8,195.0,5.9,10.0,0.0,,5.0,10.9,0.0,124.5,
137.0,Jerick McKinnon,28.0,SFO,RB,16.0,4.0,46.0,33.0,253.0,12.0,75.0,2.3,178.0,5.4,3.4,1.0,33.0,2.0,4.3,3.0,64.9,
138.0,Scott Miller,23.0,TAM,WR,16.0,5.0,53.0,33.0,501.0,20.0,392.0,11.9,109.0,3.3,15.8,1.0,33.0,2.0,3.8,2.0,96.5,
139.0,Deebo Samuel,24.0,SFO,WR,7.0,5.0,44.0,33.0,391.0,19.0,-7.0,-0.2,398.0,12.1,2.2,6.0,5.5,3.0,6.8,2.0,90.2,
140.0,Willie Snead,28.0,BAL,WR,13.0,8.0,48.0,33.0,432.0,23.0,245.0,7.4,187.0,5.7,8.9,7.0,4.7,3.0,6.3,1.0,109.0,
141.0,Marquez Valdes-Scantling,26.0,GNB,WR,16.0,12.0,63.0,33.0,690.0,27.0,449.0,13.6,241.0,7.3,18.3,1.0,33.0,7.0,11.1,2.0,109.9,
142.0,Melvin Gordon,27.0,DEN,RB,15.0,10.0,44.0,32.0,158.0,7.0,-9.0,-0.3,167.0,5.2,0.1,4.0,8.0,3.0,6.8,0.0,85.2,
143.0,Cam Sims,24.0,WAS,WR,16.0,10.0,48.0,32.0,477.0,18.0,228.0,7.1,249.0,7.8,10.9,5.0,6.4,1.0,2.1,3.0,79.9,
144.0,Mo Alie-Cox,27.0,IND,TE,15.0,6.0,39.0,31.0,394.0,19.0,212.0,6.8,182.0,5.9,6.8,0.0,,1.0,2.6,2.0,104.5,
145.0,Dan Arnold,25.0,ARI,TE,16.0,5.0,45.0,31.0,438.0,24.0,265.0,8.5,173.0,5.6,12.6,0.0,,1.0,2.2,1.0,120.4,
146.0,Chris Herndon,24.0,NYJ,TE,16.0,13.0,45.0,31.0,287.0,17.0,159.0,5.1,128.0,4.1,6.8,1.0,31.0,4.0,8.9,0.0,108.3,
147.0,Jalen Reagor,21.0,PHI,WR,11.0,11.0,54.0,31.0,396.0,19.0,205.0,6.6,191.0,6.2,12.7,3.0,10.3,1.0,1.9,3.0,63.5,
148.0,Jamaal Williams,25.0,GNB,RB,14.0,3.0,35.0,31.0,236.0,11.0,17.0,0.5,219.0,7.1,0.5,4.0,7.8,2.0,5.7,0.0,104.3,
149.0,KJ Hamler,21.0,DEN,WR,13.0,4.0,56.0,30.0,381.0,17.0,257.0,8.6,124.0,4.1,10.4,4.0,7.5,7.0,12.5,3.0,70.6,
150.0,Isaiah McKenzie,25.0,BUF,WR,16.0,7.0,34.0,30.0,282.0,17.0,92.0,3.1,190.0,6.3,4.4,0.0,,1.0,2.9,0.0,140.8,
151.0,Breshad Perriman,27.0,NYJ,WR,12.0,12.0,60.0,30.0,505.0,20.0,345.0,11.5,160.0,5.3,15.1,1.0,30.0,3.0,5.0,4.0,67.7,
152.0,Irv Smith Jr.,22.0,MIN,TE,13.0,7.0,43.0,30.0,365.0,22.0,239.0,8.0,126.0,4.2,8.0,2.0,15.0,1.0,2.3,0.0,134.4,
153.0,James Washington,24.0,PIT,WR,16.0,7.0,56.0,30.0,392.0,19.0,253.0,8.4,139.0,4.6,12.5,1.0,30.0,4.0,7.1,2.0,90.8,
154.0,Kalen Ballage,25.0,2TM,RB,11.0,2.0,37.0,29.0,166.0,5.0,-47.0,-1.6,213.0,7.3,-0.5,4.0,7.3,2.0,5.4,0.0,85.4,
154.0,Kalen Ballage,25.0,NYJ,RB,3.0,0.0,10.0,9.0,67.0,1.0,-16.0,-1.8,83.0,9.2,0.3,2.0,4.5,0.0,0.0,0.0,94.6,
154.0,Kalen Ballage,25.0,LAC,RB,8.0,2.0,27.0,20.0,99.0,4.0,-31.0,-1.6,130.0,6.5,-0.8,2.0,10.0,2.0,7.4,0.0,79.1,
155.0,Lynn Bowden Jr.,23.0,MIA,WR,10.0,4.0,37.0,28.0,211.0,13.0,99.0,3.5,112.0,4.0,5.0,6.0,4.7,0.0,0.0,2.0,66.4,
156.0,Cameron Brate,29.0,TAM,TE,16.0,1.0,34.0,28.0,282.0,17.0,211.0,7.5,71.0,2.5,8.6,0.0,,0.0,0.0,1.0,108.6,
157.0,Trey Burton,29.0,IND,TE,13.0,4.0,47.0,28.0,250.0,14.0,163.0,5.8,87.0,3.1,7.5,1.0,28.0,4.0,8.5,1.0,86.3,
158.0,Isaiah Ford,24.0,MIA,WR,10.0,1.0,44.0,28.0,276.0,18.0,208.0,7.4,68.0,2.4,9.2,0.0,,1.0,2.3,2.0,62.3,
159.0,Jalen Guyton,23.0,LAC,WR,16.0,9.0,55.0,28.0,511.0,18.0,332.0,11.9,179.0,6.4,16.3,1.0,28.0,5.0,9.1,2.0,86.2,
160.0,Duke Johnson,27.0,HOU,RB,11.0,5.0,35.0,28.0,249.0,8.0,29.0,1.0,220.0,7.9,1.9,2.0,14.0,2.0,5.7,0.0,105.8,
161.0,Ronald Jones II,23.0,TAM,RB,14.0,13.0,42.0,28.0,165.0,2.0,8.0,0.3,157.0,5.6,0.9,1.0,28.0,5.0,11.9,1.0,72.0,
162.0,Cole Kmet,21.0,CHI,TE,16.0,9.0,44.0,28.0,243.0,12.0,107.0,3.8,136.0,4.9,6.5,2.0,14.0,2.0,4.5,1.0,83.8,
163.0,James O'Shaughnessy,28.0,JAX,TE,15.0,13.0,38.0,28.0,262.0,12.0,168.0,6.0,94.0,3.4,7.2,1.0,28.0,0.0,0.0,1.0,81.2,
164.0,Tony Pollard,23.0,DAL,RB,16.0,2.0,40.0,28.0,193.0,9.0,-39.0,-1.4,232.0,8.3,-0.4,4.0,7.0,4.0,10.0,0.0,88.9,
165.0,Kyle Rudolph,31.0,MIN,TE,12.0,12.0,37.0,28.0,334.0,16.0,170.0,6.1,164.0,5.9,7.1,2.0,14.0,0.0,0.0,0.0,111.8,
166.0,Miles Sanders,23.0,PHI,RB,12.0,11.0,52.0,28.0,197.0,8.0,-11.0,-0.4,208.0,7.4,1.9,3.0,9.3,7.0,13.5,2.0,46.7,
167.0,Steven Sims,23.0,WAS,WR,12.0,2.0,37.0,27.0,265.0,13.0,139.0,5.1,126.0,4.7,7.1,0.0,,2.0,5.4,1.0,90.5,
168.0,Isaiah Wright,23.0,WAS,WR,14.0,6.0,35.0,27.0,197.0,10.0,54.0,2.0,143.0,5.3,3.9,2.0,13.5,1.0,2.9,0.0,89.8,
169.0,Jordan Reed,30.0,SFO,TE,10.0,1.0,46.0,26.0,231.0,16.0,147.0,5.7,84.0,3.2,8.0,2.0,13.0,3.0,6.5,1.0,90.0,
170.0,Henry Ruggs III,21.0,LVR,WR,13.0,12.0,43.0,26.0,452.0,13.0,307.0,11.8,145.0,5.6,17.4,0.0,,3.0,7.0,1.0,102.1,
171.0,Durham Smythe,25.0,MIA,TE,15.0,13.0,29.0,26.0,208.0,13.0,86.0,3.3,122.0,4.7,3.9,2.0,13.0,1.0,3.4,0.0,119.5,
172.0,Rex Burkhead,30.0,NWE,RB,10.0,0.0,33.0,25.0,192.0,11.0,-9.0,-0.4,201.0,8.0,0.9,2.0,12.5,0.0,0.0,1.0,107.1,
173.0,Kenyan Drake,26.0,ARI,RB,15.0,13.0,31.0,25.0,137.0,5.0,-28.0,-1.1,165.0,6.6,-1.0,1.0,25.0,2.0,6.5,0.0,85.1,
174.0,Todd Gurley,26.0,ATL,RB,15.0,15.0,35.0,25.0,164.0,7.0,41.0,1.6,123.0,4.9,1.5,3.0,8.3,4.0,11.4,0.0,81.1,
175.0,Brian Hill,25.0,ATL,RB,16.0,1.0,30.0,25.0,199.0,7.0,37.0,1.5,162.0,6.5,1.3,4.0,6.3,3.0,10.0,0.0,94.3,
176.0,Jacob Hollister,27.0,SEA,TE,16.0,5.0,40.0,25.0,209.0,14.0,129.0,5.2,80.0,3.2,5.9,0.0,,2.0,5.0,1.0,90.5,
177.0,Boston Scott,25.0,PHI,RB,16.0,4.0,36.0,25.0,212.0,8.0,31.0,1.2,181.0,7.2,2.6,1.0,25.0,0.0,0.0,0.0,93.7,
178.0,Harrison Bryant,22.0,CLE,TE,15.0,9.0,38.0,24.0,238.0,14.0,121.0,5.0,117.0,4.9,7.7,2.0,12.0,3.0,7.9,2.0,85.2,
179.0,Will Dissly,24.0,SEA,TE,16.0,12.0,29.0,24.0,251.0,12.0,82.0,3.4,169.0,7.0,4.8,0.0,,1.0,3.4,1.0,111.4,
180.0,Dawson Knox,24.0,BUF,TE,12.0,7.0,44.0,24.0,288.0,14.0,128.0,5.3,160.0,6.7,8.2,0.0,,4.0,9.1,1.0,88.1,
181.0,Greg Olsen,35.0,SEA,TE,11.0,8.0,37.0,24.0,239.0,16.0,190.0,7.9,49.0,2.0,7.8,0.0,,2.0,5.4,2.0,69.5,
182.0,Richard Rodgers,28.0,PHI,TE,14.0,4.0,31.0,24.0,345.0,16.0,250.0,10.4,95.0,4.0,9.8,1.0,24.0,0.0,0.0,0.0,134.5,
183.0,Odell Beckham Jr.,28.0,CLE,WR,7.0,7.0,43.0,23.0,319.0,17.0,273.0,11.9,46.0,2.0,13.6,2.0,11.5,1.0,2.3,1.0,91.1,
184.0,Malcolm Brown,27.0,LAR,RB,16.0,0.0,33.0,23.0,162.0,9.0,-16.0,-0.7,178.0,7.7,-0.2,1.0,23.0,3.0,9.1,0.0,80.6,
185.0,Jack Doyle,30.0,IND,TE,14.0,12.0,33.0,23.0,251.0,13.0,160.0,7.0,91.0,4.0,6.9,1.0,23.0,0.0,0.0,0.0,122.2,
186.0,DaeSean Hamilton,25.0,DEN,WR,16.0,2.0,44.0,23.0,293.0,16.0,198.0,8.6,95.0,4.1,13.4,0.0,,2.0,4.5,3.0,60.1,
187.0,Adam Humphries,27.0,TEN,WR,7.0,1.0,35.0,23.0,228.0,11.0,183.0,8.0,45.0,2.0,9.6,0.0,,1.0,2.9,1.0,91.1,
188.0,Richie James,25.0,SFO,WR,11.0,7.0,35.0,23.0,394.0,15.0,201.0,8.7,193.0,8.4,10.7,3.0,7.7,2.0,5.7,0.0,113.3,
189.0,Joshua Kelley,23.0,LAC,RB,14.0,0.0,23.0,23.0,148.0,9.0,-25.0,-1.1,173.0,7.5,-1.1,2.0,11.5,0.0,0.0,0.0,93.5,
190.0,Denzel Mims,23.0,NYJ,WR,9.0,8.0,44.0,23.0,357.0,15.0,251.0,10.9,106.0,4.6,15.3,5.0,4.6,1.0,2.3,1.0,70.0,
191.0,Latavius Murray,30.0,NOR,RB,15.0,7.0,26.0,23.0,176.0,8.0,-22.0,-1.0,198.0,8.6,-1.0,2.0,11.5,2.0,7.7,0.0,107.7,
192.0,Marquez Callaway,22.0,NOR,WR,11.0,3.0,27.0,21.0,213.0,10.0,155.0,7.4,58.0,2.8,8.4,2.0,10.5,0.0,0.0,0.0,99.5,
193.0,Julian Edelman,34.0,NWE,WR,6.0,1.0,39.0,21.0,315.0,18.0,251.0,12.0,64.0,3.0,10.3,0.0,,3.0,7.7,3.0,48.6,
194.0,Darren Fells,34.0,HOU,TE,16.0,14.0,28.0,21.0,312.0,16.0,135.0,6.4,177.0,8.4,7.1,6.0,3.5,0.0,0.0,0.0,150.6,
195.0,Wayne Gallman,26.0,NYG,RB,15.0,10.0,27.0,21.0,114.0,6.0,14.0,0.7,100.0,4.8,0.4,0.0,,3.0,11.1,0.0,84.3,
196.0,Andy Isabella,24.0,ARI,WR,13.0,2.0,35.0,21.0,224.0,10.0,142.0,6.8,82.0,3.9,11.3,2.0,10.5,2.0,5.7,3.0,62.1,
197.0,Joe Mixon,24.0,CIN,RB,6.0,6.0,26.0,21.0,138.0,5.0,-29.0,-1.4,167.0,8.0,-1.0,2.0,10.5,1.0,3.8,0.0,101.6,
198.0,Cordarrelle Patterson,29.0,CHI,WR,16.0,3.0,25.0,21.0,132.0,7.0,18.0,0.9,114.0,5.4,3.6,1.0,21.0,1.0,4.0,0.0,88.7,"PB,AP-1"
199.0,Chad Beebe,26.0,MIN,WR,14.0,0.0,30.0,20.0,201.0,12.0,128.0,6.4,73.0,3.7,6.0,2.0,10.0,1.0,3.3,1.0,93.9,
200.0,Quintez Cephus,22.0,DET,WR,13.0,2.0,35.0,20.0,349.0,16.0,264.0,13.2,85.0,4.3,14.5,0.0,,3.0,8.6,0.0,110.3,
201.0,Devin Duvernay,23.0,BAL,WR,16.0,3.0,26.0,20.0,201.0,8.0,83.0,4.2,118.0,5.9,6.2,1.0,20.0,1.0,3.8,2.0,66.3,
202.0,Kenny Golladay,27.0,DET,WR,5.0,5.0,32.0,20.0,338.0,16.0,300.0,15.0,38.0,1.9,14.6,0.0,,2.0,6.3,0.0,119.0,
203.0,Deonte Harty,23.0,NOR,WR,9.0,2.0,25.0,20.0,186.0,10.0,59.0,3.0,127.0,6.4,4.0,4.0,5.0,1.0,4.0,1.0,94.3,
204.0,Tyron Johnson,24.0,LAC,WR,12.0,0.0,26.0,20.0,398.0,15.0,339.0,17.0,59.0,3.0,20.5,4.0,5.0,0.0,0.0,0.0,156.7,
205.0,Ray-Ray McCloud,24.0,PIT,WR,16.0,2.0,22.0,20.0,77.0,3.0,-28.0,-1.4,105.0,5.3,-1.5,0.0,,0.0,0.0,0.0,81.2,
206.0,Ian Thomas,24.0,CAR,TE,16.0,8.0,31.0,20.0,145.0,11.0,67.0,3.4,78.0,3.9,6.3,0.0,,1.0,3.2,2.0,59.2,
207.0,Chris Thompson,30.0,JAX,RB,8.0,0.0,23.0,20.0,146.0,5.0,39.0,2.0,107.0,5.4,2.8,1.0,20.0,0.0,0.0,0.0,107.6,
208.0,Olamide Zaccheaus,23.0,ATL,WR,11.0,2.0,32.0,20.0,274.0,16.0,211.0,10.6,63.0,3.2,13.8,2.0,10.0,1.0,3.1,1.0,87.2,
209.0,Miles Boykin,24.0,BAL,WR,16.0,13.0,33.0,19.0,266.0,14.0,186.0,9.8,80.0,4.2,11.6,0.0,,0.0,0.0,1.0,110.6,
210.0,Tyler Conklin,25.0,MIN,TE,16.0,2.0,26.0,19.0,194.0,11.0,68.0,3.6,126.0,6.6,4.4,1.0,19.0,2.0,7.7,0.0,106.9,
211.0,Ross Dwelley,25.0,SFO,TE,16.0,9.0,24.0,19.0,245.0,10.0,138.0,7.3,107.0,5.6,7.6,1.0,19.0,0.0,0.0,0.0,123.1,
212.0,Derrick Henry,26.0,TEN,RB,16.0,16.0,31.0,19.0,114.0,4.0,-13.0,-0.7,127.0,6.7,-0.9,1.0,19.0,1.0,3.2,0.0,68.5,"PB,AP-1,AP OPoY-1"
213.0,Justin Jackson,24.0,LAC,RB,9.0,4.0,24.0,19.0,173.0,7.0,-43.0,-2.3,216.0,11.4,-1.8,5.0,3.8,1.0,4.2,0.0,96.7,
214.0,Van Jefferson,24.0,LAR,WR,16.0,0.0,31.0,19.0,220.0,11.0,174.0,9.2,46.0,2.4,11.3,2.0,9.5,1.0,3.2,2.0,66.6,
215.0,Kerryon Johnson,23.0,DET,RB,16.0,2.0,26.0,19.0,187.0,11.0,4.0,0.2,183.0,9.6,-0.1,1.0,19.0,2.0,7.7,0.0,105.8,
216.0,Kyle Juszczyk,29.0,SFO,FB,16.0,15.0,29.0,19.0,202.0,10.0,101.0,5.3,101.0,5.3,6.5,0.0,,2.0,6.9,1.0,110.9,PB
217.0,Dion Lewis,30.0,NYG,RB,16.0,0.0,30.0,19.0,127.0,8.0,47.0,2.5,80.0,4.2,2.3,1.0,19.0,2.0,6.7,0.0,83.6,
218.0,David Njoku,24.0,CLE,TE,13.0,5.0,29.0,19.0,213.0,13.0,126.0,6.6,87.0,4.6,7.4,2.0,9.5,1.0,3.4,0.0,110.3,
219.0,Jalen Richard,27.0,LVR,RB,13.0,0.0,23.0,19.0,138.0,5.0,41.0,2.2,97.0,5.1,2.1,0.0,,1.0,4.3,1.0,73.6,
220.0,J.K. Dobbins,22.0,BAL,RB,15.0,1.0,24.0,18.0,120.0,4.0,-9.0,-0.5,129.0,7.2,0.0,2.0,9.0,4.0,16.7,0.0,85.4,
221.0,Dontrelle Inman,31.0,WAS,WR,10.0,2.0,28.0,18.0,163.0,11.0,119.0,6.6,44.0,2.4,8.3,0.0,,1.0,3.6,2.0,74.0,
222.0,Collin Johnson,23.0,JAX,WR,14.0,0.0,31.0,18.0,272.0,12.0,207.0,11.5,65.0,3.6,12.1,0.0,,0.0,0.0,1.0,95.1,
223.0,Kaden Smith,23.0,NYG,TE,15.0,12.0,21.0,18.0,112.0,8.0,23.0,1.3,89.0,4.9,2.0,1.0,18.0,0.0,0.0,0.0,88.9,
224.0,Darrel Williams,25.0,KAN,RB,16.0,0.0,26.0,18.0,116.0,6.0,-40.0,-2.2,156.0,8.7,-0.8,1.0,18.0,2.0,7.7,0.0,78.4,
225.0,Preston Williams,23.0,MIA,WR,8.0,7.0,35.0,18.0,288.0,14.0,246.0,13.7,42.0,2.3,14.5,0.0,,3.0,8.6,2.0,93.5,
226.0,Marvin Hall,27.0,2TM,WR,12.0,6.0,32.0,18.0,302.0,10.0,244.0,13.6,58.0,3.2,17.2,0.0,,4.0,12.5,0.0,109.1,
226.0,Marvin Hall,27.0,DET,WR,11.0,5.0,30.0,17.0,290.0,10.0,232.0,13.6,58.0,3.4,17.3,0.0,,4.0,13.3,0.0,111.8,
226.0,Marvin Hall,27.0,CLE,WR,1.0,1.0,2.0,1.0,12.0,0.0,12.0,12.0,0.0,0.0,15.5,0.0,,0.0,0.0,0.0,68.7,
227.0,Devontae Booker,28.0,LVR,RB,16.0,1.0,21.0,17.0,84.0,2.0,3.0,0.2,81.0,4.8,0.3,2.0,8.5,0.0,0.0,1.0,63.5,
228.0,DeeJay Dallas,22.0,SEA,RB,12.0,2.0,20.0,17.0,111.0,5.0,1.0,0.1,110.0,6.5,0.1,1.0,17.0,0.0,0.0,0.0,106.5,
229.0,Chad Hansen,25.0,HOU,WR,5.0,2.0,24.0,17.0,236.0,11.0,197.0,11.6,39.0,2.3,12.2,0.0,,1.0,4.2,0.0,116.0,
230.0,Christian McCaffrey,24.0,CAR,RB,3.0,3.0,19.0,17.0,149.0,8.0,26.0,1.5,123.0,7.2,1.4,3.0,5.7,0.0,0.0,1.0,95.0,
231.0,Ito Smith,25.0,ATL,RB,14.0,0.0,26.0,17.0,75.0,3.0,-6.0,-0.4,81.0,4.8,0.0,1.0,17.0,1.0,3.8,0.0,69.1,
232.0,Jeff Smith,23.0,NYJ,WR,12.0,4.0,37.0,17.0,167.0,9.0,118.0,6.9,49.0,2.9,12.6,0.0,,2.0,5.4,2.0,36.7,
233.0,Cedrick Wilson Jr.,25.0,DAL,WR,16.0,0.0,28.0,17.0,189.0,10.0,76.0,4.5,113.0,6.6,8.7,1.0,17.0,3.0,10.7,1.0,89.7,
234.0,Mohamed Sanu,31.0,2TM,WR,10.0,4.0,24.0,17.0,187.0,13.0,150.0,8.8,37.0,2.2,12.0,0.0,,1.0,4.2,0.0,107.5,
234.0,Mohamed Sanu,31.0,SFO,WR,3.0,0.0,1.0,1.0,9.0,1.0,5.0,5.0,4.0,4.0,5.0,0.0,,0.0,0.0,0.0,104.2,
234.0,Mohamed Sanu,31.0,DET,WR,7.0,4.0,23.0,16.0,178.0,12.0,145.0,9.1,33.0,2.1,12.3,0.0,,1.0,4.3,0.0,106.8,
235.0,Nick Chubb,25.0,CLE,RB,12.0,12.0,18.0,16.0,150.0,6.0,17.0,1.1,133.0,8.3,2.7,4.0,4.0,0.0,0.0,0.0,101.4,PB
236.0,Frank Gore,37.0,NYJ,RB,15.0,14.0,19.0,16.0,89.0,3.0,16.0,1.0,73.0,4.6,1.8,1.0,16.0,0.0,0.0,0.0,86.2,
237.0,Darrell Henderson,23.0,LAR,RB,15.0,11.0,24.0,16.0,159.0,8.0,-1.0,-0.1,160.0,10.0,0.7,3.0,5.3,0.0,0.0,1.0,81.8,
238.0,Mack Hollins,27.0,MIA,WR,16.0,2.0,25.0,16.0,176.0,7.0,147.0,9.2,29.0,1.8,9.6,0.0,,2.0,8.0,0.0,98.1,
239.0,Carlos Hyde,30.0,SEA,RB,10.0,1.0,20.0,16.0,93.0,4.0,-15.0,-0.9,108.0,6.8,2.4,0.0,,0.0,0.0,0.0,86.0,
240.0,Ty Johnson,23.0,2TM,RB,13.0,1.0,21.0,16.0,99.0,6.0,-30.0,-1.9,129.0,8.1,2.4,1.0,16.0,0.0,0.0,0.0,101.1,
240.0,Ty Johnson,23.0,DET,RB,2.0,0.0,1.0,0.0,0.0,0.0,0.0,,0.0,,50.0,0.0,,0.0,0.0,0.0,39.6,
240.0,Ty Johnson,23.0,NYJ,RB,11.0,1.0,20.0,16.0,99.0,6.0,-30.0,-1.9,129.0,8.1,0.0,1.0,16.0,0.0,0.0,0.0,104.0,
241.0,Raheem Mostert,28.0,SFO,RB,8.0,8.0,19.0,16.0,156.0,5.0,20.0,1.3,136.0,8.5,1.1,1.0,16.0,0.0,0.0,0.0,118.4,
242.0,Le'Veon Bell,28.0,2TM,RB,11.0,4.0,20.0,16.0,138.0,7.0,2.0,0.1,136.0,8.5,0.5,2.0,8.0,1.0,5.0,0.0,95.4,
242.0,Le'Veon Bell,28.0,NYJ,RB,2.0,2.0,3.0,3.0,39.0,2.0,21.0,7.0,18.0,6.0,7.0,0.0,,0.0,0.0,0.0,118.7,
242.0,Le'Veon Bell,28.0,KAN,RB,9.0,2.0,17.0,13.0,99.0,5.0,-19.0,-1.5,118.0,9.1,-0.6,2.0,6.5,1.0,5.9,0.0,90.1,
243.0,KeeSean Johnson,24.0,ARI,WR,8.0,1.0,23.0,15.0,173.0,7.0,123.0,8.2,50.0,3.3,10.9,0.0,,1.0,4.3,0.0,87.8,
244.0,LeSean McCoy,32.0,TAM,RB,10.0,0.0,19.0,15.0,101.0,3.0,-1.0,-0.1,102.0,6.8,1.0,0.0,,2.0,10.5,0.0,88.8,
245.0,Vance McDonald,30.0,PIT,TE,14.0,12.0,20.0,15.0,99.0,4.0,20.0,1.3,79.0,5.3,1.9,3.0,5.0,1.0,5.0,0.0,85.2,
246.0,Adam Trautman,23.0,NOR,TE,15.0,6.0,16.0,15.0,171.0,9.0,54.0,3.6,117.0,7.8,4.0,2.0,7.5,0.0,0.0,0.0,132.0,
247.0,Nick Boyle,27.0,BAL,TE,9.0,9.0,17.0,14.0,113.0,8.0,69.0,4.9,44.0,3.1,5.1,0.0,,0.0,0.0,0.0,133.6,
248.0,Noah Brown,24.0,DAL,WR,16.0,1.0,24.0,14.0,154.0,6.0,107.0,7.6,47.0,3.4,10.3,0.0,,0.0,0.0,0.0,77.4,
249.0,Pharaoh Brown,26.0,HOU,TE,13.0,9.0,16.0,14.0,163.0,9.0,87.0,6.2,76.0,5.4,7.9,4.0,3.5,0.0,0.0,0.0,148.7,
250.0,Chris Hogan,33.0,NYJ,WR,5.0,4.0,26.0,14.0,118.0,6.0,78.0,5.6,40.0,2.9,10.0,1.0,14.0,0.0,0.0,1.0,49.8,
251.0,DeSean Jackson,34.0,PHI,WR,5.0,5.0,26.0,14.0,236.0,10.0,171.0,12.2,65.0,4.6,16.6,0.0,,2.0,7.7,1.0,81.6,
252.0,Jesse James,26.0,DET,TE,16.0,7.0,22.0,14.0,129.0,6.0,53.0,3.8,76.0,5.4,5.4,1.0,14.0,0.0,0.0,2.0,72.0,
253.0,Marcus Johnson,26.0,IND,WR,11.0,3.0,28.0,14.0,255.0,11.0,206.0,14.7,49.0,3.5,17.4,0.0,,2.0,7.1,1.0,66.8,
254.0,Olabisi Johnson,23.0,MIN,WR,16.0,3.0,19.0,14.0,189.0,9.0,140.0,10.0,49.0,3.5,11.3,2.0,7.0,0.0,0.0,1.0,83.0,
255.0,Zay Jones,25.0,LVR,WR,16.0,2.0,20.0,14.0,154.0,6.0,89.0,6.4,65.0,4.6,7.1,2.0,7.0,2.0,10.0,1.0,88.3,
256.0,Zack Moss,23.0,BUF,RB,13.0,0.0,18.0,14.0,95.0,5.0,8.0,0.6,87.0,6.2,1.8,3.0,4.7,0.0,0.0,0.0,107.2,
257.0,Donovan Peoples-Jones,21.0,CLE,WR,12.0,2.0,20.0,14.0,304.0,10.0,227.0,16.2,77.0,5.5,16.6,0.0,,1.0,5.0,0.0,145.8,
258.0,Auden Tate,23.0,CIN,WR,9.0,2.0,22.0,14.0,150.0,9.0,92.0,6.6,58.0,4.1,9.4,1.0,14.0,0.0,0.0,0.0,83.5,
259.0,Nick Vannett,27.0,DEN,TE,15.0,11.0,21.0,14.0,95.0,6.0,31.0,2.2,64.0,4.6,4.4,0.0,,0.0,0.0,1.0,72.5,
260.0,Jamal Agnew,25.0,DET,WR,14.0,2.0,20.0,13.0,89.0,4.0,-12.0,-0.9,101.0,7.8,4.9,2.0,6.5,1.0,5.0,0.0,74.8,
261.0,Christian Blake,24.0,ATL,WR,16.0,0.0,18.0,13.0,141.0,6.0,115.0,8.8,26.0,2.0,9.6,0.0,,1.0,5.6,0.0,94.9,
262.0,Ryan Izzo,25.0,NWE,TE,12.0,12.0,20.0,13.0,199.0,6.0,131.0,10.1,68.0,5.2,10.3,1.0,13.0,2.0,10.0,1.0,76.9,
263.0,Alexander Mattison,22.0,MIN,RB,13.0,2.0,15.0,13.0,125.0,5.0,17.0,1.3,108.0,8.3,2.7,5.0,2.6,0.0,0.0,0.0,123.6,
264.0,Byron Pringle,27.0,KAN,WR,13.0,3.0,17.0,13.0,160.0,9.0,92.0,7.1,68.0,5.2,10.2,2.0,6.5,0.0,0.0,0.0,124.6,
265.0,Freddie Swain,22.0,SEA,WR,16.0,1.0,21.0,13.0,159.0,6.0,58.0,4.5,101.0,7.8,10.7,0.0,,0.0,0.0,0.0,117.0,
266.0,Mike Thomas,26.0,CIN,WR,14.0,0.0,21.0,13.0,132.0,7.0,104.0,8.0,28.0,2.2,8.6,1.0,13.0,2.0,9.5,0.0,95.7,
267.0,Jeff Wilson,25.0,SFO,RB,12.0,3.0,28.0,13.0,133.0,8.0,22.0,1.7,111.0,8.5,1.8,0.0,,5.0,17.9,1.0,81.4,
268.0,Jason Witten,38.0,LVR,TE,16.0,7.0,17.0,13.0,69.0,8.0,49.0,3.8,20.0,1.5,5.4,0.0,,0.0,0.0,0.0,121.9,
269.0,Cameron Batson,25.0,TEN,WR,12.0,1.0,13.0,12.0,100.0,7.0,57.0,4.8,43.0,3.6,6.2,0.0,,0.0,0.0,0.0,124.4,
270.0,Alex Erickson,28.0,CIN,WR,16.0,2.0,17.0,12.0,139.0,5.0,72.0,6.0,67.0,5.6,7.2,0.0,,0.0,0.0,1.0,70.5,
271.0,Royce Freeman,24.0,DEN,RB,16.0,0.0,13.0,12.0,81.0,4.0,18.0,1.5,63.0,5.3,1.7,0.0,,0.0,0.0,0.0,92.6,
272.0,Alec Ingold,24.0,LVR,FB,16.0,4.0,17.0,12.0,110.0,9.0,22.0,1.8,88.0,7.3,4.5,3.0,4.0,2.0,11.8,0.0,107.5,
273.0,Tyler Johnson,22.0,TAM,WR,14.0,3.0,17.0,12.0,169.0,9.0,97.0,8.1,72.0,6.0,9.9,1.0,12.0,0.0,0.0,0.0,141.5,
274.0,Tyler Kroft,28.0,BUF,TE,10.0,4.0,16.0,12.0,119.0,9.0,75.0,6.3,44.0,3.7,7.6,0.0,,1.0,6.3,1.0,109.1,
275.0,Jeremy McNichols,25.0,TEN,RB,16.0,0.0,17.0,12.0,55.0,0.0,4.0,0.3,51.0,4.3,0.5,0.0,,1.0,5.9,0.0,74.4,
276.0,Adrian Peterson,35.0,DET,RB,16.0,10.0,18.0,12.0,101.0,4.0,-2.0,-0.2,103.0,8.6,-0.3,1.0,12.0,3.0,16.7,0.0,81.0,
277.0,Brandon Powell,25.0,ATL,WR,15.0,1.0,18.0,12.0,69.0,5.0,35.0,2.9,34.0,2.8,4.6,0.0,,1.0,5.6,0.0,110.6,
278.0,Adam Shaheen,26.0,MIA,TE,16.0,5.0,22.0,12.0,150.0,9.0,45.0,3.8,105.0,8.8,4.3,4.0,3.0,0.0,0.0,0.0,115.5,
279.0,Jace Sternberger,24.0,GNB,TE,12.0,0.0,15.0,12.0,114.0,6.0,48.0,4.0,66.0,5.5,6.9,0.0,,1.0,6.7,0.0,120.6,
280.0,Jordan Wilkins,26.0,IND,RB,15.0,0.0,16.0,12.0,105.0,3.0,-38.0,-3.2,143.0,11.9,-0.8,1.0,12.0,1.0,6.3,0.0,91.9,
281.0,Salvon Ahmed,22.0,MIA,RB,6.0,4.0,14.0,11.0,61.0,2.0,-10.0,-0.9,71.0,6.5,-0.5,0.0,,1.0,7.1,0.0,84.8,
282.0,Cam Akers,21.0,LAR,RB,13.0,5.0,14.0,11.0,123.0,4.0,32.0,2.9,91.0,8.3,4.2,3.0,3.7,1.0,7.1,0.0,127.1,
283.0,Blake Bell,29.0,DAL,TE,16.0,2.0,15.0,11.0,110.0,7.0,62.0,5.6,48.0,4.4,5.1,1.0,11.0,0.0,0.0,0.0,93.7,
284.0,C.J. Board,27.0,NYG,WR,14.0,4.0,16.0,11.0,101.0,6.0,68.0,6.2,33.0,3.0,10.0,0.0,,0.0,0.0,0.0,85.7,
285.0,Bryan Edwards,22.0,LVR,WR,12.0,3.0,15.0,11.0,193.0,9.0,113.0,10.3,80.0,7.3,8.5,2.0,5.5,0.0,0.0,0.0,137.5,
286.0,Tyler Ervin,27.0,GNB,RB,8.0,0.0,15.0,11.0,84.0,6.0,0.0,0.0,84.0,7.6,-1.0,0.0,,1.0,6.7,0.0,86.5,
287.0,KhaDarel Hodge,25.0,CLE,WR,9.0,0.0,17.0,11.0,180.0,11.0,157.0,14.3,23.0,2.1,16.4,0.0,,0.0,0.0,1.0,75.6,
288.0,O.J. Howard,26.0,TAM,TE,4.0,1.0,19.0,11.0,146.0,8.0,129.0,11.7,17.0,1.5,11.9,1.0,11.0,1.0,5.3,0.0,117.4,
289.0,Albert Okwuegbunam,22.0,DEN,TE,4.0,0.0,15.0,11.0,121.0,6.0,48.0,4.4,73.0,6.6,7.7,1.0,11.0,0.0,0.0,0.0,119.0,
290.0,La'Mical Perine,22.0,NYJ,RB,10.0,0.0,15.0,11.0,63.0,3.0,-4.0,-0.4,67.0,6.1,1.7,0.0,,1.0,6.7,0.0,80.7,
291.0,Samaje Perine,25.0,CIN,RB,16.0,1.0,12.0,11.0,66.0,4.0,-23.0,-2.1,89.0,8.1,-1.8,3.0,3.7,0.0,0.0,0.0,89.6,
292.0,Keith Smith,28.0,ATL,FB,16.0,7.0,15.0,11.0,59.0,4.0,15.0,1.4,44.0,4.0,1.9,0.0,,1.0,6.7,0.0,79.6,
293.0,Kenny Stills,28.0,HOU,WR,10.0,0.0,19.0,11.0,144.0,8.0,127.0,11.5,17.0,1.5,12.5,0.0,,3.0,15.8,1.0,77.5,
294.0,DeMichael Harris,22.0,IND,WR,7.0,0.0,10.0,10.0,79.0,3.0,16.0,1.6,63.0,6.3,0.0,0.0,,0.0,0.0,,,
295.0,John Hightower,24.0,PHI,WR,13.0,4.0,29.0,10.0,167.0,5.0,110.0,11.0,57.0,5.7,22.6,0.0,,3.0,10.3,5.0,15.2,
296.0,Patrick Laird,25.0,MIA,RB,16.0,0.0,12.0,10.0,68.0,3.0,28.0,2.8,40.0,4.0,2.6,1.0,10.0,0.0,0.0,0.0,90.3,
297.0,Marcedes Lewis,36.0,GNB,TE,15.0,15.0,17.0,10.0,107.0,6.0,50.0,5.0,57.0,5.7,6.5,0.0,,4.0,23.5,0.0,116.9,
298.0,Dare Ogunbowale,26.0,JAX,RB,14.0,2.0,20.0,10.0,54.0,4.0,-9.0,-0.9,63.0,6.3,0.9,0.0,,2.0,10.0,1.0,35.4,
299.0,Donald Parham,23.0,LAC,TE,13.0,5.0,20.0,10.0,159.0,8.0,103.0,10.3,56.0,5.6,8.8,0.0,,0.0,0.0,0.0,116.5,
300.0,Benny Snell Jr.,22.0,PIT,RB,16.0,3.0,14.0,10.0,61.0,3.0,-27.0,-2.7,88.0,8.8,-1.9,2.0,5.0,0.0,0.0,1.0,50.0,
301.0,Trent Taylor,26.0,SFO,WR,12.0,1.0,21.0,10.0,86.0,5.0,43.0,4.3,43.0,4.3,5.6,0.0,,0.0,0.0,1.0,39.0,
302.0,Matt Breida,25.0,MIA,RB,12.0,1.0,10.0,9.0,96.0,5.0,0.0,0.0,96.0,10.7,-0.1,1.0,9.0,0.0,0.0,0.0,106.7,
303.0,Gus Edwards,25.0,BAL,RB,16.0,6.0,13.0,9.0,129.0,4.0,36.0,4.0,93.0,10.3,3.8,2.0,4.5,0.0,0.0,0.0,101.1,
304.0,Ryan Griffin,30.0,NYJ,TE,15.0,6.0,12.0,9.0,86.0,4.0,37.0,4.1,49.0,5.4,5.3,0.0,,1.0,8.3,0.0,94.4,
305.0,Travis Homer,22.0,SEA,RB,9.0,0.0,10.0,9.0,90.0,4.0,-2.0,-0.2,92.0,10.2,0.2,1.0,9.0,0.0,0.0,0.0,137.5,
306.0,Devine Ozigbo,24.0,JAX,RB,8.0,0.0,9.0,9.0,42.0,3.0,3.0,0.3,39.0,4.3,0.3,1.0,9.0,0.0,0.0,0.0,86.1,
307.0,Malcolm Perry,23.0,MIA,WR,9.0,2.0,13.0,9.0,92.0,4.0,59.0,6.6,33.0,3.7,8.8,0.0,,1.0,7.7,0.0,114.9,
308.0,Kalif Raymond,26.0,TEN,WR,15.0,3.0,15.0,9.0,187.0,7.0,149.0,16.6,38.0,4.2,17.5,0.0,,2.0,13.3,1.0,76.2,
309.0,Patrick Ricard,26.0,BAL,FB,15.0,10.0,12.0,9.0,45.0,3.0,0.0,0.0,45.0,5.0,0.1,2.0,4.5,1.0,8.3,0.0,108.0,PB
310.0,Jaylen Samuels,24.0,PIT,RB,14.0,1.0,14.0,9.0,46.0,2.0,-10.0,-1.1,56.0,6.2,-0.2,0.0,,3.0,21.4,0.0,69.3,
311.0,Rodney Smith,24.0,CAR,RB,7.0,1.0,11.0,9.0,59.0,1.0,13.0,1.4,46.0,5.1,1.5,0.0,,1.0,9.1,0.0,89.0,
312.0,Geoff Swaim,27.0,TEN,WR,10.0,8.0,12.0,9.0,83.0,6.0,48.0,5.3,35.0,3.9,6.6,0.0,,1.0,8.3,0.0,121.2,
313.0,Ameer Abdullah,27.0,MIN,RB,16.0,0.0,9.0,8.0,58.0,4.0,-5.0,-0.6,63.0,7.9,-0.6,0.0,,0.0,0.0,0.0,133.1,
314.0,Stephen Anderson,27.0,LAC,TE,16.0,3.0,11.0,8.0,106.0,7.0,26.0,3.3,80.0,10.0,4.0,2.0,4.0,0.0,0.0,0.0,102.8,
315.0,Darrell Daniels,26.0,ARI,TE,12.0,8.0,11.0,8.0,92.0,4.0,35.0,4.4,57.0,7.1,6.1,1.0,8.0,1.0,9.1,0.0,127.8,
316.0,Troy Fumagalli,25.0,DEN,TE,8.0,0.0,15.0,8.0,80.0,6.0,20.0,2.5,60.0,7.5,7.3,0.0,,0.0,0.0,3.0,51.4,
317.0,C.J. Ham,27.0,MIN,FB,15.0,11.0,13.0,8.0,97.0,6.0,22.0,2.8,75.0,9.4,3.3,0.0,,2.0,15.4,0.0,110.1,
318.0,Josh Hill,30.0,NOR,TE,14.0,7.0,10.0,8.0,46.0,4.0,9.0,1.1,37.0,4.6,4.5,1.0,8.0,0.0,0.0,0.0,119.2,
319.0,Taysom Hill,30.0,NOR,QB/WR,16.0,8.0,12.0,8.0,98.0,4.0,63.0,7.9,35.0,4.4,7.6,0.0,,1.0,8.3,0.0,119.4,
320.0,Jakob Johnson,26.0,NWE,FB,16.0,11.0,9.0,8.0,35.0,3.0,15.0,1.9,20.0,2.5,1.7,0.0,,0.0,0.0,0.0,119.9,
321.0,Ryan Nall,25.0,CHI,RB,16.0,0.0,9.0,8.0,67.0,5.0,20.0,2.5,47.0,5.9,2.2,1.0,8.0,0.0,0.0,0.0,134.7,
322.0,Troymaine Pope,27.0,LAC,RB,6.0,0.0,10.0,8.0,42.0,1.0,-2.0,-0.3,44.0,5.5,-1.6,1.0,8.0,1.0,10.0,0.0,84.2,
323.0,C.J. Uzomah,27.0,CIN,TE,2.0,2.0,11.0,8.0,87.0,6.0,57.0,7.1,30.0,3.8,8.5,0.0,,1.0,9.1,0.0,125.9,
324.0,Maxx Williams,26.0,ARI,TE,9.0,8.0,10.0,8.0,102.0,4.0,36.0,4.5,66.0,8.3,3.8,1.0,8.0,0.0,0.0,1.0,102.9,
325.0,Devonta Freeman,28.0,NYG,RB,5.0,4.0,10.0,7.0,58.0,3.0,-12.0,-1.7,70.0,10.0,-1.4,0.0,,2.0,20.0,0.0,84.6,
326.0,Demetrius Harris,29.0,CHI,TE,15.0,5.0,14.0,7.0,45.0,2.0,20.0,2.9,25.0,3.6,6.6,0.0,,2.0,14.3,1.0,27.4,
327.0,Jamycal Hasty,24.0,SFO,RB,8.0,0.0,8.0,7.0,33.0,0.0,-14.0,-2.0,47.0,6.7,-2.4,0.0,,0.0,0.0,0.0,83.9,
328.0,K.J. Hill,23.0,LAC,CB,15.0,0.0,11.0,7.0,73.0,2.0,55.0,7.9,18.0,2.6,7.2,0.0,,2.0,18.2,0.0,82.8,
329.0,Phillip Lindsay,26.0,DEN,RB,11.0,8.0,14.0,7.0,28.0,1.0,-11.0,-1.6,39.0,5.6,-0.4,2.0,3.5,2.0,14.3,0.0,56.2,
330.0,Austin Mack,23.0,NYG,WR,11.0,1.0,11.0,7.0,91.0,5.0,54.0,7.7,37.0,5.3,8.3,1.0,7.0,1.0,9.1,0.0,89.6,
331.0,Sony Michel,25.0,NWE,RB,9.0,6.0,9.0,7.0,114.0,5.0,4.0,0.6,110.0,15.7,-0.2,1.0,7.0,0.0,0.0,0.0,155.8,
332.0,Jaydon Mickens,26.0,TAM,WR,10.0,0.0,10.0,7.0,58.0,6.0,27.0,3.9,31.0,4.4,7.3,0.0,,0.0,0.0,0.0,84.6,
333.0,Foster Moreau,23.0,LVR,TE,16.0,2.0,9.0,7.0,140.0,5.0,89.0,12.7,51.0,7.3,12.1,0.0,,0.0,0.0,0.0,158.3,
334.0,Equanimeous St. Brown,24.0,GNB,WR,12.0,1.0,13.0,7.0,117.0,6.0,58.0,8.3,59.0,8.4,12.1,1.0,7.0,2.0,15.4,0.0,110.1,
335.0,Luke Stocker,32.0,ATL,TE,16.0,13.0,11.0,7.0,63.0,4.0,11.0,1.6,52.0,7.4,1.9,0.0,,1.0,9.1,0.0,79.0,
336.0,Darwin Thompson,23.0,KAN,RB,14.0,1.0,11.0,7.0,65.0,3.0,-23.0,-3.3,88.0,12.6,-2.6,2.0,3.5,1.0,9.1,0.0,110.0,
337.0,Quez Watkins,22.0,PHI,WR,6.0,0.0,13.0,7.0,106.0,4.0,48.0,6.9,58.0,8.3,9.5,0.0,,2.0,15.4,0.0,106.6,
338.0,Justin Watson,24.0,TAM,WR,11.0,2.0,11.0,7.0,94.0,5.0,75.0,10.7,19.0,2.7,9.6,0.0,,0.0,0.0,2.0,51.1,
339.0,Deon Yelder,25.0,KAN,TE,14.0,1.0,11.0,7.0,36.0,2.0,6.0,0.9,30.0,4.3,5.2,0.0,,0.0,0.0,0.0,68.7,
340.0,Josh Adams,24.0,NYJ,RB,8.0,0.0,8.0,6.0,29.0,2.0,5.0,0.8,24.0,4.0,0.1,0.0,,0.0,0.0,0.0,79.7,
341.0,Saquon Barkley,23.0,NYG,RB,2.0,2.0,9.0,6.0,60.0,3.0,5.0,0.8,55.0,9.2,3.8,1.0,6.0,1.0,11.1,0.0,85.4,
342.0,Dez Bryant,32.0,BAL,WR,6.0,0.0,11.0,6.0,47.0,3.0,13.0,2.2,34.0,5.7,4.7,0.0,,1.0,9.1,0.0,104.9,
343.0,Parris Campbell,23.0,IND,WR,2.0,2.0,9.0,6.0,71.0,4.0,53.0,8.8,18.0,3.0,11.9,0.0,,0.0,0.0,1.0,50.9,
344.0,Tyrie Cleveland,23.0,DEN,WR,10.0,0.0,9.0,6.0,63.0,4.0,45.0,7.5,18.0,3.0,8.8,1.0,6.0,0.0,0.0,0.0,86.8,
345.0,Tarik Cohen,25.0,CHI,RB,3.0,0.0,9.0,6.0,41.0,1.0,-20.0,-3.3,61.0,10.2,1.7,1.0,6.0,1.0,11.1,0.0,76.6,
346.0,River Cracraft,26.0,SFO,WR,9.0,1.0,9.0,6.0,41.0,2.0,30.0,5.0,11.0,1.8,6.4,1.0,6.0,1.0,11.1,0.0,76.6,
347.0,Mark Ingram,31.0,BAL,RB,11.0,9.0,8.0,6.0,50.0,2.0,1.0,0.2,49.0,8.2,1.5,1.0,6.0,0.0,0.0,0.0,90.6,
348.0,Alshon Jeffery,30.0,PHI,WR,7.0,2.0,13.0,6.0,115.0,5.0,90.0,15.0,25.0,4.2,13.2,0.0,,1.0,7.7,1.0,71.0,
349.0,Nick Keizer,25.0,KAN,TE,16.0,3.0,9.0,6.0,63.0,2.0,23.0,3.8,40.0,6.7,9.0,0.0,,1.0,11.1,0.0,86.8,
350.0,Chris Manhertz,28.0,CAR,TE,16.0,12.0,8.0,6.0,52.0,1.0,19.0,3.2,33.0,5.5,4.0,1.0,6.0,1.0,12.5,0.0,91.7,
351.0,Anthony McFarland Jr.,22.0,PIT,RB,11.0,0.0,9.0,6.0,54.0,1.0,7.0,1.2,47.0,7.8,2.6,2.0,3.0,1.0,11.1,0.0,82.6,
352.0,Laquon Treadwell,25.0,ATL,WR,5.0,0.0,7.0,6.0,49.0,4.0,36.0,6.0,13.0,2.2,5.6,1.0,6.0,0.0,0.0,0.0,135.4,
353.0,Javon Wims,26.0,CHI,WR,13.0,1.0,12.0,6.0,48.0,4.0,44.0,7.3,4.0,0.7,14.8,0.0,,0.0,0.0,0.0,88.2,
354.0,Alex Armah,26.0,CAR,FB,16.0,1.0,9.0,5.0,18.0,1.0,-2.0,-0.4,20.0,4.0,0.2,0.0,,3.0,33.3,0.0,60.9,
355.0,Tavon Austin,30.0,GNB,WR,4.0,0.0,5.0,5.0,20.0,1.0,-22.0,-4.4,42.0,8.4,-4.4,0.0,,0.0,0.0,0.0,83.3,
356.0,Ja'Marcus Bradley,24.0,CLE,WR,3.0,1.0,11.0,5.0,60.0,2.0,49.0,9.8,11.0,2.2,11.5,0.0,,0.0,0.0,0.0,62.7,
357.0,Cethan Carter,25.0,CIN,TE,15.0,5.0,7.0,5.0,53.0,3.0,43.0,8.6,10.0,2.0,7.7,0.0,,1.0,14.3,0.0,93.2,
358.0,Corey Clement,26.0,PHI,RB,15.0,0.0,6.0,5.0,25.0,2.0,-7.0,-1.4,32.0,6.4,-1.7,0.0,,1.0,16.7,0.0,84.0,
359.0,Pharoh Cooper,25.0,CAR,WR,16.0,1.0,8.0,5.0,73.0,3.0,38.0,7.6,35.0,7.0,9.9,0.0,,0.0,0.0,0.0,92.2,
360.0,Damien Harris,23.0,NWE,RB,10.0,10.0,7.0,5.0,52.0,4.0,-3.0,-0.6,55.0,11.0,-0.4,0.0,,0.0,0.0,1.0,53.0,
361.0,Justice Hill,23.0,BAL,RB,12.0,0.0,5.0,5.0,20.0,0.0,-7.0,-1.4,27.0,5.4,-1.4,0.0,,0.0,0.0,0.0,83.3,
362.0,Steven Mitchell,26.0,HOU,WR,6.0,1.0,8.0,5.0,60.0,3.0,50.0,10.0,10.0,2.0,13.8,0.0,,0.0,0.0,0.0,85.4,
363.0,Gabe Nabers,23.0,LAC,FB,16.0,5.0,7.0,5.0,25.0,2.0,2.0,0.4,23.0,4.6,0.9,0.0,,2.0,28.6,0.0,116.1,
364.0,Gunner Olszewski,24.0,NWE,WR,13.0,2.0,5.0,5.0,62.0,3.0,27.0,5.4,35.0,7.0,5.4,1.0,5.0,0.0,0.0,0.0,157.9,AP-1
365.0,C.J. Prosise,26.0,HOU,RB,10.0,0.0,5.0,5.0,18.0,1.0,-8.0,-1.6,26.0,5.2,-1.6,0.0,,0.0,0.0,0.0,121.2,
366.0,MyCole Pruitt,28.0,TEN,TE,11.0,4.0,8.0,5.0,49.0,4.0,36.0,7.2,13.0,2.6,8.4,0.0,,1.0,12.5,0.0,119.3,
367.0,Theo Riddick,29.0,LVR,RB,4.0,0.0,6.0,5.0,43.0,1.0,10.0,2.0,33.0,6.6,1.7,0.0,,0.0,0.0,0.0,96.5,
368.0,Darrius Shepherd,25.0,GNB,WR,8.0,0.0,8.0,5.0,46.0,1.0,28.0,5.6,18.0,3.6,15.0,0.0,,0.0,0.0,0.0,78.1,
369.0,Trent Sherfield,24.0,ARI,WR,15.0,1.0,7.0,5.0,50.0,2.0,23.0,4.6,27.0,5.4,11.7,0.0,,0.0,0.0,1.0,51.8,
370.0,Malik Taylor,25.0,GNB,WR,15.0,1.0,6.0,5.0,66.0,4.0,19.0,3.8,47.0,9.4,6.7,0.0,,0.0,0.0,0.0,152.1,
371.0,Levine Toilolo,29.0,NYG,TE,16.0,2.0,6.0,5.0,46.0,3.0,20.0,4.0,26.0,5.2,4.3,0.0,,0.0,0.0,0.0,98.6,
372.0,Ke'Shawn Vaughn,23.0,TAM,RB,10.0,0.0,10.0,5.0,34.0,2.0,11.0,2.2,23.0,4.6,2.4,0.0,,3.0,30.0,0.0,91.2,
373.0,Trayveon Williams,23.0,CIN,RB,10.0,0.0,5.0,5.0,30.0,1.0,-11.0,-2.2,41.0,8.2,-2.2,2.0,2.5,0.0,0.0,0.0,91.7,
374.0,DeAndre Washington,27.0,2TM,RB,4.0,1.0,10.0,5.0,30.0,2.0,7.0,1.4,23.0,4.6,2.6,0.0,,0.0,0.0,0.0,56.2,
374.0,DeAndre Washington,27.0,KAN,RB,1.0,0.0,1.0,1.0,2.0,0.0,1.0,1.0,1.0,1.0,1.0,0.0,,0.0,0.0,0.0,79.2,
374.0,DeAndre Washington,27.0,MIA,RB,3.0,1.0,9.0,4.0,28.0,2.0,6.0,1.5,22.0,5.5,2.8,0.0,,0.0,0.0,0.0,52.1,
375.0,JJ Arcega-Whiteside,24.0,PHI,WR,8.0,0.0,8.0,4.0,85.0,4.0,74.0,18.5,11.0,2.8,15.1,0.0,,1.0,12.5,1.0,48.4,
376.0,Peyton Barber,26.0,WAS,RB,16.0,2.0,7.0,4.0,12.0,1.0,1.0,0.3,11.0,2.8,0.1,0.0,,1.0,14.3,0.0,62.2,
377.0,Khari Blasingame,24.0,TEN,FB,15.0,7.0,5.0,4.0,39.0,2.0,5.0,1.3,34.0,8.5,1.0,0.0,,1.0,20.0,0.0,99.2,
378.0,Michael Burton,28.0,NOR,RB,15.0,4.0,4.0,4.0,28.0,1.0,6.0,1.5,22.0,5.5,1.5,0.0,,0.0,0.0,0.0,95.8,
379.0,Tevin Coleman,27.0,SFO,RB,8.0,1.0,5.0,4.0,34.0,2.0,13.0,3.3,21.0,5.3,2.6,1.0,4.0,0.0,0.0,0.0,95.0,
380.0,Juwan Johnson,24.0,NOR,WR,7.0,4.0,10.0,4.0,39.0,3.0,19.0,4.8,20.0,5.0,7.3,0.0,,1.0,10.0,0.0,51.7,
381.0,Josh Malone,24.0,NYJ,WR,4.0,0.0,6.0,4.0,16.0,1.0,8.0,2.0,8.0,2.0,2.8,0.0,,1.0,16.7,0.0,70.1,
382.0,Johnny Mundt,26.0,LAR,TE,16.0,1.0,4.0,4.0,53.0,1.0,8.0,2.0,45.0,11.3,2.0,2.0,2.0,0.0,0.0,0.0,118.7,
383.0,Dante Pettis,25.0,2TM,WR,7.0,1.0,6.0,4.0,76.0,3.0,70.0,17.5,6.0,1.5,18.3,0.0,,0.0,0.0,0.0,149.3,
383.0,Dante Pettis,25.0,SFO,WR,5.0,1.0,1.0,0.0,0.0,0.0,0.0,,0.0,,34.0,0.0,,0.0,0.0,0.0,39.6,
383.0,Dante Pettis,25.0,NYG,WR,2.0,0.0,5.0,4.0,76.0,3.0,70.0,17.5,6.0,1.5,15.2,0.0,,0.0,0.0,0.0,158.3,
384.0,Damion Ratley,25.0,NYG,WR,5.0,0.0,10.0,4.0,63.0,2.0,53.0,13.3,10.0,2.5,10.4,0.0,,0.0,0.0,1.0,22.1,
385.0,Riley Ridley,24.0,CHI,WR,5.0,1.0,4.0,4.0,39.0,3.0,36.0,9.0,3.0,0.8,9.0,0.0,,0.0,0.0,0.0,107.3,
386.0,Andre Roberts,32.0,BUF,WR,15.0,0.0,5.0,4.0,34.0,2.0,29.0,7.3,5.0,1.3,9.6,0.0,,1.0,20.0,1.0,55.4,"PB,AP-2"
387.0,Seth Roberts,29.0,CAR,WR,7.0,1.0,6.0,4.0,31.0,2.0,9.0,2.3,22.0,5.5,7.3,1.0,4.0,0.0,0.0,0.0,79.2,
388.0,Lee Smith,33.0,BUF,TE,10.0,2.0,6.0,4.0,35.0,3.0,15.0,3.8,20.0,5.0,3.7,0.0,,0.0,0.0,0.0,121.5,
389.0,Jonathan Williams,26.0,DET,RB,5.0,0.0,4.0,4.0,21.0,2.0,-2.0,-0.5,23.0,5.8,-0.5,0.0,,0.0,0.0,0.0,88.5,
390.0,Deontay Burnett,23.0,PHI,WR,2.0,0.0,4.0,3.0,19.0,1.0,15.0,5.0,4.0,1.3,3.8,0.0,,0.0,0.0,0.0,84.4,
391.0,Trenton Cannon,26.0,CAR,RB,14.0,0.0,3.0,3.0,16.0,1.0,3.0,1.0,13.0,4.3,1.0,1.0,3.0,0.0,0.0,0.0,88.9,
392.0,Austin Carr,27.0,NOR,WR,6.0,0.0,4.0,3.0,27.0,3.0,16.0,5.3,11.0,3.7,8.0,0.0,,0.0,0.0,0.0,132.3,
393.0,Ashton Dulin,23.0,IND,WR,13.0,0.0,6.0,3.0,53.0,2.0,25.0,8.3,28.0,9.3,5.2,0.0,,0.0,0.0,0.0,80.6,
394.0,Ted Ginn Jr.,35.0,CHI,WR,6.0,0.0,6.0,3.0,40.0,1.0,30.0,10.0,10.0,3.3,20.2,0.0,,0.0,0.0,0.0,71.5,
395.0,Terry Godwin,24.0,JAX,WR,3.0,0.0,6.0,3.0,32.0,2.0,29.0,9.7,3.0,1.0,11.7,0.0,,1.0,16.7,0.0,66.0,
396.0,Jaeden Graham,25.0,ATL,TE,16.0,0.0,5.0,3.0,25.0,1.0,11.0,3.7,14.0,4.7,3.6,0.0,,1.0,20.0,0.0,72.9,
397.0,Virgil Green,32.0,LAC,TE,6.0,3.0,6.0,3.0,50.0,2.0,27.0,9.0,23.0,7.7,11.8,0.0,,1.0,16.7,0.0,118.1,
398.0,Tanner Hudson,26.0,TAM,TE,11.0,0.0,7.0,3.0,41.0,3.0,29.0,9.7,12.0,4.0,15.4,0.0,,0.0,0.0,0.0,62.2,
399.0,Lil'Jordan Humphrey,22.0,NOR,WR,3.0,1.0,5.0,3.0,46.0,3.0,36.0,12.0,10.0,3.3,10.6,1.0,3.0,0.0,0.0,1.0,90.4,
400.0,D'Ernest Johnson,24.0,CLE,RB,16.0,0.0,4.0,3.0,14.0,0.0,2.0,0.7,12.0,4.0,0.0,0.0,,1.0,25.0,0.0,79.2,
401.0,Dalton Keene,21.0,NWE,TE,6.0,0.0,5.0,3.0,16.0,0.0,15.0,5.0,1.0,0.3,8.8,0.0,,0.0,0.0,0.0,65.4,
402.0,Marlon Mack,24.0,IND,RB,1.0,1.0,3.0,3.0,30.0,1.0,-1.0,-0.3,31.0,10.3,-0.3,0.0,,0.0,0.0,0.0,108.3,
403.0,Ty Montgomery,27.0,NOR,WR,6.0,1.0,6.0,3.0,27.0,1.0,-6.0,-2.0,33.0,11.0,1.7,0.0,,1.0,16.7,0.0,62.5,
404.0,Alfred Morris,32.0,NYG,RB,9.0,0.0,4.0,3.0,19.0,2.0,2.0,0.7,17.0,5.7,1.0,1.0,3.0,0.0,0.0,0.0,124.0,
405.0,Eric Saubert,26.0,JAX,TE,8.0,4.0,4.0,3.0,16.0,0.0,9.0,3.0,7.0,2.3,3.3,0.0,,0.0,0.0,1.0,41.7,
406.0,Diontae Spencer,28.0,DEN,WR,11.0,0.0,6.0,3.0,26.0,1.0,14.0,4.7,12.0,4.0,5.5,0.0,,0.0,0.0,0.0,61.8,
407.0,Courtland Sutton,25.0,DEN,WR,1.0,1.0,6.0,3.0,66.0,2.0,59.0,19.7,7.0,2.3,17.7,0.0,,1.0,16.7,1.0,50.0,
408.0,Kahale Warring,23.0,HOU,TE,7.0,0.0,7.0,3.0,35.0,2.0,27.0,9.0,8.0,2.7,8.3,0.0,,1.0,14.3,0.0,58.6,
409.0,Nick Westbrook-Ikhine,23.0,TEN,WR,14.0,1.0,8.0,3.0,33.0,3.0,28.0,9.3,5.0,1.7,10.3,0.0,,0.0,0.0,1.0,10.9,
410.0,Charlie Woerner,23.0,SFO,TE,14.0,0.0,4.0,3.0,36.0,2.0,11.0,3.7,25.0,8.3,2.5,1.0,3.0,0.0,0.0,0.0,102.1,
411.0,Brandon Zylstra,27.0,CAR,WR,16.0,2.0,4.0,3.0,35.0,3.0,20.0,6.7,15.0,5.0,13.8,0.0,,0.0,0.0,0.0,101.0,
412.0,Devin Asiasi,23.0,NWE,TE,9.0,3.0,7.0,2.0,39.0,2.0,33.0,16.5,6.0,3.0,9.6,0.0,,1.0,14.3,0.0,89.9,
413.0,Reggie Bonnafon,24.0,CAR,RB,2.0,0.0,2.0,2.0,18.0,2.0,-2.0,-1.0,20.0,10.0,-1.0,0.0,,0.0,0.0,0.0,143.7,
414.0,Mike Boone,25.0,MIN,RB,16.0,0.0,2.0,2.0,10.0,0.0,-7.0,-3.5,17.0,8.5,-3.5,0.0,,0.0,0.0,0.0,87.5,
415.0,Daniel Brown,28.0,NYJ,WR,16.0,1.0,2.0,2.0,31.0,2.0,10.0,5.0,21.0,10.5,5.0,0.0,,0.0,0.0,0.0,118.7,
416.0,Jake Butt,25.0,DEN,TE,5.0,1.0,4.0,2.0,5.0,0.0,3.0,1.5,2.0,1.0,1.8,0.0,,1.0,25.0,0.0,56.2,
417.0,Jason Cabinda,24.0,DET,LB,16.0,2.0,3.0,2.0,8.0,1.0,2.0,1.0,6.0,3.0,-1.3,0.0,,0.0,0.0,1.0,30.6,
418.0,Lawrence Cager,23.0,NYJ,WR,2.0,1.0,6.0,2.0,35.0,2.0,21.0,10.5,14.0,7.0,14.0,0.0,,0.0,0.0,2.0,14.6,
419.0,Antonio Callaway,23.0,MIA,WR,5.0,1.0,4.0,2.0,20.0,1.0,17.0,8.5,3.0,1.5,7.0,0.0,,0.0,0.0,0.0,64.6,
420.0,Chandler Cox,24.0,MIA,RB,8.0,3.0,2.0,2.0,9.0,1.0,2.0,1.0,7.0,3.5,1.0,0.0,,0.0,0.0,0.0,85.4,
421.0,Dominique Dafney,23.0,GNB,TE,5.0,2.0,2.0,2.0,26.0,2.0,16.0,8.0,10.0,5.0,8.0,0.0,,0.0,0.0,0.0,158.3,
422.0,AJ Dillon,22.0,GNB,RB,11.0,0.0,2.0,2.0,21.0,1.0,5.0,2.5,16.0,8.0,2.5,1.0,2.0,0.0,0.0,0.0,110.4,
423.0,Darrynton Evans,22.0,TEN,RB,5.0,0.0,4.0,2.0,27.0,2.0,-2.0,-1.0,29.0,14.5,-0.5,0.0,,0.0,0.0,0.0,111.5,
424.0,Robert Foster,26.0,WAS,WR,4.0,2.0,6.0,2.0,37.0,2.0,5.0,2.5,32.0,16.0,14.0,1.0,2.0,1.0,16.7,0.0,55.6,
425.0,Daurice Fountain,25.0,IND,WR,5.0,0.0,3.0,2.0,23.0,2.0,23.0,11.5,0.0,0.0,9.3,0.0,,0.0,0.0,0.0,89.6,
426.0,Bennie Fowler,29.0,NOR,WR,5.0,0.0,6.0,2.0,11.0,1.0,10.0,5.0,1.0,0.5,7.8,0.0,,1.0,16.7,1.0,2.8,
427.0,Reggie Gilliam,23.0,BUF,FB,14.0,0.0,2.0,2.0,16.0,2.0,8.0,4.0,8.0,4.0,4.0,0.0,,0.0,0.0,0.0,139.6,
428.0,Andy Janovich,27.0,CLE,RB,14.0,3.0,5.0,2.0,13.0,1.0,1.0,0.5,12.0,6.0,1.8,1.0,2.0,2.0,40.0,0.0,47.9,
429.0,Lamar Miller,29.0,CHI,RB,1.0,0.0,2.0,2.0,6.0,1.0,2.0,1.0,4.0,2.0,1.0,0.0,,0.0,0.0,0.0,79.2,
430.0,Cam Newton,31.0,NWE,QB,15.0,15.0,2.0,2.0,35.0,2.0,17.0,8.5,18.0,9.0,8.5,0.0,,0.0,0.0,0.0,158.3,
431.0,Colby Parkinson,21.0,SEA,TE,6.0,0.0,2.0,2.0,16.0,2.0,11.0,5.5,5.0,2.5,5.5,1.0,2.0,0.0,0.0,0.0,100.0,
432.0,Elijhaa Penny,27.0,NYG,RB,14.0,0.0,3.0,2.0,20.0,1.0,4.0,2.0,16.0,8.0,1.3,0.0,,0.0,0.0,0.0,85.4,
433.0,John Ross,25.0,CIN,WR,3.0,1.0,7.0,2.0,17.0,1.0,14.0,7.0,3.0,1.5,12.0,0.0,,1.0,14.3,0.0,39.6,
434.0,Isaiah Zuber,23.0,NWE,WR,4.0,0.0,2.0,2.0,29.0,1.0,-1.0,-0.5,30.0,15.0,-0.5,1.0,2.0,0.0,0.0,0.0,118.7,
435.0,Josh Allen,24.0,BUF,QB,16.0,16.0,1.0,1.0,12.0,1.0,-5.0,-5.0,17.0,17.0,-5.0,1.0,1.0,0.0,0.0,0.0,156.2,"PB,AP-2,AP MVP-2,AP OPoY-4"
436.0,Marcus Baugh,26.0,WAS,TE,8.0,1.0,1.0,1.0,2.0,0.0,0.0,0.0,2.0,2.0,0.0,0.0,,0.0,0.0,0.0,79.2,
437.0,LeVante Bellamy,24.0,DEN,RB,5.0,0.0,1.0,1.0,5.0,0.0,0.0,0.0,5.0,5.0,0.0,0.0,,0.0,0.0,0.0,87.5,
438.0,Nick Bellore,31.0,SEA,LB,16.0,0.0,1.0,1.0,9.0,1.0,3.0,3.0,6.0,6.0,3.0,0.0,,0.0,0.0,0.0,104.2,PB
439.0,Hunter Bryant,22.0,DET,TE,5.0,0.0,3.0,1.0,44.0,1.0,32.0,32.0,12.0,12.0,22.3,0.0,,0.0,0.0,0.0,81.9,
440.0,Stephen Carlson,24.0,CLE,TE,16.0,2.0,2.0,1.0,11.0,1.0,0.0,0.0,11.0,11.0,0.0,0.0,,0.0,0.0,0.0,66.7,
441.0,Derek Carrier,30.0,LVR,TE,16.0,0.0,1.0,1.0,14.0,1.0,-4.0,-4.0,18.0,18.0,-4.0,1.0,1.0,0.0,0.0,0.0,118.7,
442.0,DeAndre Carter,27.0,HOU,WR,9.0,0.0,2.0,1.0,8.0,0.0,4.0,4.0,4.0,4.0,8.0,0.0,,1.0,50.0,0.0,60.4,
443.0,Alex Collins,26.0,SEA,RB,3.0,1.0,2.0,1.0,4.0,0.0,3.0,3.0,1.0,1.0,5.5,0.0,,0.0,0.0,0.0,56.2,
444.0,Jason Croom,26.0,PHI,TE,4.0,0.0,1.0,1.0,3.0,1.0,3.0,3.0,0.0,0.0,3.0,0.0,,0.0,0.0,0.0,118.7,
445.0,Andy Dalton,33.0,DAL,QB,11.0,9.0,1.0,1.0,-3.0,0.0,-7.0,-7.0,4.0,4.0,-7.0,0.0,,0.0,0.0,0.0,79.2,
446.0,Josiah Deguara,23.0,GNB,TE,2.0,1.0,2.0,1.0,12.0,1.0,1.0,1.0,11.0,11.0,12.0,0.0,,0.0,0.0,0.0,68.7,
447.0,Gehrig Dieter,27.0,KAN,WR,4.0,0.0,2.0,1.0,10.0,1.0,5.0,5.0,5.0,5.0,7.5,0.0,,0.0,0.0,0.0,64.6,
448.0,Brandon Dillon,23.0,MIN,TE,3.0,0.0,1.0,1.0,6.0,0.0,5.0,5.0,1.0,1.0,5.0,0.0,,0.0,0.0,0.0,91.7,
449.0,Ben Ellefson,24.0,JAX,TE,7.0,4.0,4.0,1.0,10.0,1.0,7.0,7.0,3.0,3.0,11.3,0.0,,1.0,25.0,1.0,0.0,
450.0,Eric Fisher,29.0,KAN,LT,15.0,15.0,1.0,1.0,2.0,1.0,1.0,1.0,1.0,1.0,1.0,0.0,,0.0,0.0,0.0,118.7,PB
451.0,Ryan Fitzpatrick,38.0,MIA,QB,9.0,7.0,1.0,1.0,0.0,0.0,-4.0,-4.0,4.0,4.0,-4.0,0.0,,0.0,0.0,0.0,79.2,
452.0,D'Onta Foreman,24.0,TEN,RB,6.0,0.0,1.0,1.0,5.0,1.0,2.0,2.0,3.0,3.0,2.0,0.0,,0.0,0.0,0.0,127.1,
453.0,D.J. Foster,27.0,ARI,WR,10.0,0.0,1.0,1.0,7.0,1.0,4.0,4.0,3.0,3.0,4.0,0.0,,0.0,0.0,0.0,95.8,
454.0,Antonio Gandy-Golden,22.0,WAS,WR,6.0,2.0,7.0,1.0,3.0,0.0,2.0,2.0,1.0,1.0,11.3,0.0,,1.0,14.3,0.0,39.6,
455.0,Cullen Gillaspia,25.0,HOU,RB,7.0,0.0,1.0,1.0,6.0,0.0,-2.0,-2.0,8.0,8.0,-2.0,0.0,,0.0,0.0,0.0,91.7,
456.0,Penny Hart,24.0,SEA,WR,13.0,0.0,1.0,1.0,3.0,0.0,-1.0,-1.0,4.0,4.0,-1.0,0.0,,0.0,0.0,0.0,79.2,
457.0,Temarrick Hemingway,27.0,WAS,TE,8.0,0.0,2.0,1.0,10.0,1.0,4.0,4.0,6.0,6.0,3.5,0.0,,0.0,0.0,0.0,64.6,
458.0,Dontrell Hilliard,25.0,CLE,RB,5.0,0.0,1.0,1.0,2.0,0.0,0.0,0.0,2.0,2.0,0.0,0.0,,0.0,0.0,0.0,79.2,
459.0,Cody Hollister,27.0,TEN,WR,2.0,0.0,1.0,1.0,12.0,1.0,10.0,10.0,2.0,2.0,10.0,0.0,,0.0,0.0,0.0,116.7,
460.0,Jordan Howard,26.0,MIA,RB,5.0,3.0,1.0,1.0,-3.0,0.0,-3.0,-3.0,0.0,0.0,-4.0,0.0,,0.0,0.0,0.0,79.2,
461.0,Buddy Howell,24.0,HOU,RB,14.0,0.0,2.0,1.0,3.0,0.0,-4.0,-4.0,7.0,7.0,9.5,0.0,,1.0,50.0,0.0,56.2,
462.0,Jason Huntley,22.0,PHI,RB,5.0,0.0,2.0,1.0,0.0,0.0,-1.0,-1.0,1.0,1.0,-0.5,0.0,,0.0,0.0,0.0,56.2,
463.0,Jalen Hurts,22.0,PHI,QB,15.0,4.0,1.0,1.0,3.0,0.0,-6.0,-6.0,9.0,9.0,-6.0,1.0,1.0,0.0,0.0,0.0,79.2,
464.0,Trenton Irwin,25.0,CIN,WR,1.0,0.0,2.0,1.0,5.0,0.0,4.0,4.0,1.0,1.0,6.0,0.0,,1.0,50.0,0.0,56.2,
465.0,Blake Jarwin,26.0,DAL,TE,1.0,1.0,1.0,1.0,12.0,1.0,12.0,12.0,0.0,0.0,12.0,0.0,,0.0,0.0,0.0,116.7,
466.0,Marcus Kemp,25.0,KAN,WR,10.0,0.0,1.0,1.0,11.0,1.0,1.0,1.0,10.0,10.0,1.0,0.0,,0.0,0.0,0.0,112.5,
467.0,Adrian Killins,22.0,PHI,RB,1.0,0.0,1.0,1.0,2.0,0.0,-4.0,-4.0,6.0,6.0,-4.0,0.0,,0.0,0.0,0.0,79.2,
468.0,Keith Kirkwood,26.0,CAR,WR,1.0,0.0,2.0,1.0,13.0,0.0,4.0,4.0,9.0,9.0,16.0,1.0,1.0,0.0,0.0,0.0,70.8,
469.0,Jake Kumerow,28.0,BUF,WR,6.0,0.0,1.0,1.0,22.0,1.0,22.0,22.0,0.0,0.0,22.0,0.0,,0.0,0.0,0.0,158.3,
470.0,Kendall Lamm,28.0,CLE,T,15.0,1.0,1.0,1.0,1.0,1.0,1.0,1.0,0.0,0.0,1.0,0.0,,0.0,0.0,0.0,118.7,
471.0,Tommylee Lewis,28.0,NOR,WR,5.0,0.0,3.0,1.0,5.0,0.0,5.0,5.0,0.0,0.0,12.7,0.0,,1.0,33.3,0.0,42.4,
472.0,Bobby Massie,31.0,CHI,RT,8.0,8.0,1.0,1.0,4.0,1.0,3.0,3.0,1.0,1.0,3.0,0.0,,0.0,0.0,0.0,83.3,
473.0,Baker Mayfield,25.0,CLE,QB,16.0,16.0,1.0,1.0,6.0,1.0,5.0,5.0,1.0,1.0,5.0,0.0,,0.0,0.0,0.0,91.7,
474.0,Bruce Miller,33.0,JAX,FB,8.0,5.0,2.0,1.0,2.0,1.0,-1.0,-1.0,3.0,3.0,-1.5,0.0,,1.0,50.0,0.0,56.2,
475.0,Gardner Minshew II,24.0,JAX,QB,9.0,8.0,1.0,1.0,0.0,0.0,-8.0,-8.0,8.0,8.0,-8.0,0.0,,0.0,0.0,0.0,79.2,
476.0,Donte Moncrief,27.0,NWE,WR,6.0,0.0,2.0,1.0,15.0,1.0,1.0,1.0,14.0,14.0,2.5,0.0,,0.0,0.0,0.0,75.0,
477.0,Isaac Nauta,23.0,DET,TE,7.0,0.0,2.0,1.0,3.0,0.0,3.0,3.0,0.0,0.0,1.5,0.0,,0.0,0.0,0.0,56.2,
478.0,Siran Neal,26.0,BUF,DB,16.0,0.0,1.0,1.0,13.0,1.0,10.0,10.0,3.0,3.0,10.0,0.0,,0.0,0.0,0.0,118.7,
479.0,Scottie Phillips,23.0,HOU,RB,8.0,0.0,1.0,1.0,7.0,0.0,3.0,3.0,4.0,4.0,3.0,0.0,,0.0,0.0,0.0,95.8,
480.0,Dak Prescott,27.0,DAL,QB,5.0,5.0,1.0,1.0,11.0,1.0,10.0,10.0,1.0,1.0,10.0,0.0,,0.0,0.0,0.0,152.1,
481.0,James Proche,24.0,BAL,WR,14.0,0.0,3.0,1.0,14.0,1.0,6.0,6.0,8.0,8.0,4.0,0.0,,0.0,0.0,2.0,9.7,
482.0,Craig Reynolds,24.0,JAX,RB,2.0,0.0,1.0,1.0,3.0,0.0,1.0,1.0,2.0,2.0,1.0,0.0,,0.0,0.0,0.0,79.2,
483.0,Aaron Rodgers,37.0,GNB,QB,16.0,16.0,1.0,1.0,-6.0,0.0,-4.0,-4.0,-2.0,-2.0,-4.0,0.0,,0.0,0.0,0.0,79.2,"PB,AP-1,AP MVP-1,AP OPoY-2"
484.0,Jaleel Scott,25.0,NYJ,WR,1.0,1.0,1.0,1.0,16.0,1.0,13.0,13.0,3.0,3.0,13.0,0.0,,0.0,0.0,0.0,118.7,
485.0,Anthony Sherman,32.0,KAN,RB,13.0,1.0,2.0,1.0,5.0,1.0,-2.0,-2.0,7.0,7.0,4.0,0.0,,1.0,50.0,0.0,95.8,
486.0,Vyncint Smith,24.0,NYJ,WR,7.0,0.0,3.0,1.0,13.0,1.0,12.0,12.0,1.0,1.0,13.0,0.0,,0.0,0.0,0.0,47.9,
487.0,Jeremy Sprinkle,26.0,WAS,TE,16.0,6.0,3.0,1.0,6.0,0.0,3.0,3.0,3.0,3.0,2.0,0.0,,1.0,33.3,0.0,42.4,
488.0,Ryan Tannehill,32.0,TEN,QB,16.0,16.0,1.0,1.0,0.0,0.0,0.0,0.0,0.0,0.0,0.0,0.0,,0.0,0.0,0.0,79.2,
489.0,J.J. Taylor,22.0,NWE,RB,6.0,0.0,2.0,1.0,4.0,0.0,-4.0,-4.0,8.0,8.0,-3.5,0.0,,1.0,50.0,0.0,56.2,
490.0,Jordan Thomas,24.0,2TM,TE,6.0,0.0,2.0,1.0,3.0,1.0,3.0,3.0,0.0,0.0,7.5,0.0,,0.0,0.0,0.0,95.8,
490.0,Jordan Thomas,24.0,ARI,TE,4.0,0.0,1.0,1.0,3.0,1.0,3.0,3.0,0.0,0.0,3.0,0.0,,0.0,0.0,0.0,118.7,
490.0,Jordan Thomas,24.0,NWE,TE,2.0,0.0,1.0,0.0,0.0,0.0,0.0,,0.0,,12.0,0.0,,0.0,0.0,0.0,39.6,
491.0,Colin Thompson,27.0,CAR,TE,15.0,4.0,2.0,1.0,7.0,1.0,7.0,7.0,0.0,0.0,3.0,0.0,,0.0,0.0,0.0,97.9,
492.0,Zeke Turner,24.0,ARI,DB,16.0,0.0,1.0,1.0,26.0,1.0,14.0,14.0,12.0,12.0,14.0,0.0,,0.0,0.0,0.0,118.7,
493.0,Austin Walter,24.0,SFO,RB,4.0,0.0,1.0,1.0,27.0,1.0,-6.0,-6.0,33.0,33.0,-6.0,0.0,,0.0,0.0,0.0,118.7,
494.0,Jonathan Ward,23.0,ARI,RB,14.0,0.0,1.0,1.0,11.0,1.0,-4.0,-4.0,15.0,15.0,-4.0,0.0,,0.0,0.0,0.0,152.1,
495.0,Trevon Wesco,25.0,NYJ,TE,12.0,4.0,2.0,1.0,5.0,0.0,5.0,5.0,0.0,0.0,3.5,0.0,,0.0,0.0,0.0,56.2,
496.0,Dede Westbrook,27.0,JAX,WR,2.0,0.0,1.0,1.0,4.0,0.0,4.0,4.0,0.0,0.0,4.0,0.0,,0.0,0.0,0.0,83.3,
497.0,Antonio Williams,23.0,BUF,RB,1.0,0.0,1.0,1.0,20.0,1.0,4.0,4.0,16.0,16.0,4.0,0.0,,0.0,0.0,0.0,118.7,
498.0,Luke Willson,30.0,BAL,TE,3.0,0.0,3.0,1.0,12.0,0.0,10.0,10.0,2.0,2.0,4.3,0.0,,0.0,0.0,0.0,46.5,
499.0,T.J. Yeldon,27.0,BUF,RB,3.0,0.0,4.0,1.0,22.0,1.0,22.0,22.0,0.0,0.0,3.5,0.0,,1.0,25.0,0.0,89.6,
500.0,Brandon Allen,28.0,CIN,QB,5.0,5.0,1.0,0.0,0.0,0.0,0.0,,0.0,,8.0,0.0,,0.0,0.0,0.0,39.6,
501.0,Antony Auclair,27.0,TAM,TE,8.0,2.0,1.0,0.0,0.0,0.0,0.0,,0.0,,12.0,0.0,,0.0,0.0,0.0,39.6,
502.0,Jeff Badet,26.0,WAS,WR,3.0,0.0,1.0,0.0,0.0,0.0,0.0,,0.0,,25.0,0.0,,0.0,0.0,0.0,39.6,
503.0,Kenjon Barner,31.0,TAM,RB,6.0,0.0,1.0,0.0,0.0,0.0,0.0,,0.0,,0.0,0.0,,1.0,100.0,0.0,39.6,
504.0,Aaron Brewer,23.0,TEN,C,12.0,1.0,1.0,0.0,0.0,0.0,0.0,,0.0,,3.0,0.0,,0.0,0.0,0.0,39.6,
505.0,Hakeem Butler,24.0,PHI,WR,2.0,0.0,1.0,0.0,0.0,0.0,0.0,,0.0,,3.0,0.0,,0.0,0.0,0.0,39.6,
506.0,Tyler Davis,23.0,JAX,TE,8.0,0.0,2.0,0.0,0.0,0.0,0.0,,0.0,,13.5,0.0,,0.0,0.0,0.0,39.6,
507.0,Seth Devalve,27.0,ARI,TE,4.0,0.0,1.0,0.0,0.0,0.0,0.0,,0.0,,35.0,0.0,,0.0,0.0,0.0,39.6,
508.0,Rico Gafford,24.0,LVR,DB,3.0,0.0,2.0,0.0,0.0,0.0,0.0,,0.0,,32.0,0.0,,0.0,0.0,0.0,39.6,
509.0,Nick Gates,25.0,NYG,C,16.0,16.0,1.0,0.0,0.0,0.0,0.0,,0.0,,8.0,0.0,,0.0,0.0,0.0,39.6,
510.0,C.J. Goodwin,30.0,DAL,DB,16.0,0.0,1.0,0.0,0.0,0.0,0.0,,0.0,,9.0,0.0,,0.0,0.0,0.0,39.6,
511.0,Cyril Grayson,27.0,TAM,WR,3.0,0.0,3.0,0.0,0.0,0.0,0.0,,0.0,,23.7,0.0,,2.0,66.7,0.0,39.6,
512.0,Jerald Hawkins,27.0,PIT,T,13.0,0.0,1.0,0.0,0.0,0.0,0.0,,0.0,,0.0,0.0,,0.0,0.0,0.0,39.6,
513.0,Charlie Heck,24.0,HOU,T,3.0,1.0,0.0,0.0,8.0,0.0,0.0,,8.0,,,0.0,,0.0,,0.0,,
514.0,J.P. Holtz,27.0,CHI,TE,16.0,1.0,1.0,0.0,0.0,0.0,0.0,,0.0,,6.0,0.0,,0.0,0.0,1.0,0.0,
515.0,Taiwan Jones,32.0,BUF,RB,13.0,0.0,2.0,0.0,0.0,0.0,0.0,,0.0,,22.0,0.0,,1.0,50.0,0.0,39.6,
516.0,Patrick Mahomes,25.0,KAN,QB,15.0,15.0,2.0,0.0,0.0,0.0,0.0,,0.0,,12.5,0.0,,0.0,0.0,1.0,0.0,"PB,AP-2,AP MVP-3,AP OPoY-2"
517.0,Kevin Rader,25.0,PIT,TE,1.0,1.0,1.0,0.0,0.0,0.0,0.0,,0.0,,4.0,0.0,,1.0,100.0,0.0,39.6,
518.0,Joe Reed,22.0,LAC,WR,11.0,0.0,1.0,0.0,0.0,0.0,0.0,,0.0,,-9.0,0.0,,0.0,0.0,0.0,39.6,
519.0,Max Scharping,24.0,HOU,LG,15.0,8.0,0.0,0.0,7.0,0.0,0.0,,7.0,,,0.0,,0.0,,0.0,,
520.0,Mason Schreck,27.0,CIN,TE,14.0,1.0,1.0,0.0,0.0,0.0,0.0,,0.0,,2.0,0.0,,1.0,100.0,0.0,39.6,
521.0,Ricky Seals-Jones,25.0,KAN,WR,2.0,0.0,1.0,0.0,0.0,0.0,0.0,,0.0,,7.0,0.0,,1.0,100.0,0.0,39.6,
522.0,Tajae Sharpe,26.0,MIN,WR,4.0,0.0,3.0,0.0,0.0,0.0,0.0,,0.0,,37.3,0.0,,0.0,0.0,0.0,39.6,
523.0,Matthew Stafford,32.0,DET,QB,16.0,16.0,1.0,0.0,0.0,0.0,0.0,,0.0,,15.0,0.0,,0.0,0.0,0.0,39.6,
524.0,Taywan Taylor,25.0,CLE,WR,3.0,0.0,1.0,0.0,0.0,0.0,0.0,,0.0,,15.0,0.0,,0.0,0.0,0.0,39.6,
525.0,Noah Togiai,23.0,IND,TE,4.0,0.0,1.0,0.0,0.0,0.0,0.0,,0.0,,3.0,0.0,,1.0,100.0,0.0,39.6,
526.0,Eric Tomlinson,28.0,BAL,TE,6.0,2.0,1.0,0.0,0.0,0.0,0.0,,0.0,,34.0,0.0,,0.0,0.0,0.0,39.6,
527.0,P.J. Walker,25.0,CAR,QB,4.0,1.0,1.0,0.0,0.0,0.0,0.0,,0.0,,6.0,0.0,,0.0,0.0,0.0,39.6,
,League Average,,,,,,,,,,,6.0,,5.1,8.0,,14.8,,4.7,,,
